,survived,pclass,sex,age,sibsp,parch,fare,embarked,class,who,adult_male,deck,embark_town,alive,alone,age2,sex2,famaily,family
0,0,3,male,22.0,1,0,7.25,S,Third,man,True,C,Southampton,no,False,2,1,2,2
1,1,1,female,38.0,1,0,71.2833,C,First,woman,False,C,Cherbourg,yes,False,3,2,2,2
2,1,3,female,26.0,0,0,7.925,S,Third,woman,False,C,Southampton,yes,True,2,2,1,1
3,1,1,female,35.0,1,0,53.1,S,First,woman,False,C,Southampton,yes,False,3,2,2,2
4,0,3,male,35.0,0,0,8.05,S,Third,man,True,C,Southampton,no,True,3,1,1,1
5,0,3,male,29.69911764705882,0,0,8.4583,Q,Third,man,True,C,Queenstown,no,True,2,1,1,1
6,0,1,male,54.0,0,0,51.8625,S,First,man,True,E,Southampton,no,True,5,1,1,1
7,0,3,male,2.0,3,1,21.075,S,Third,child,False,C,Southampton,no,False,0,1,5,5
8,1,3,female,27.0,0,2,11.1333,S,Third,woman,False,C,Southampton,yes,False,2,2,3,3
9,1,2,female,14.0,1,0,30.0708,C,Second,child,False,C,Cherbourg,yes,False,1,2,2,2
10,1,3,female,4.0,1,1,16.7,S,Third,child,False,G,Southampton,yes,False,0,2,3,3
11,1,1,female,58.0,0,0,26.55,S,First,woman,False,C,Southampton,yes,True,5,2,1,1
12,0,3,male,20.0,0,0,8.05,S,Third,man,True,C,Southampton,no,True,2,1,1,1
13,0,3,male,39.0,1,5,31.275,S,Third,man,True,C,Southampton,no,False,3,1,7,7
14,0,3,female,14.0,0,0,7.8542,S,Third,child,False,C,Southampton,no,True,1,2,1,1
15,1,2,female,55.0,0,0,16.0,S,Second,woman,False,C,Southampton,yes,True,5,2,1,1
16,0,3,male,2.0,4,1,29.125,Q,Third,child,False,C,Queenstown,no,False,0,1,6,6
17,1,2,male,29.69911764705882,0,0,13.0,S,Second,man,True,C,Southampton,yes,True,2,1,1,1
18,0,3,female,31.0,1,0,18.0,S,Third,woman,False,C,Southampton,no,False,3,2,2,2
19,1,3,female,29.69911764705882,0,0,7.225,C,Third,woman,False,C,Cherbourg,yes,True,2,2,1,1
20,0,2,male,35.0,0,0,26.0,S,Second,man,True,C,Southampton,no,True,3,1,1,1
21,1,2,male,34.0,0,0,13.0,S,Second,man,True,D,Southampton,yes,True,3,1,1,1
22,1,3,female,15.0,0,0,8.0292,Q,Third,child,False,C,Queenstown,yes,True,1,2,1,1
23,1,1,male,28.0,0,0,35.5,S,First,man,True,A,Southampton,yes,True,2,1,1,1
24,0,3,female,8.0,3,1,21.075,S,Third,child,False,C,Southampton,no,False,0,2,5,5
25,1,3,female,38.0,1,5,31.3875,S,Third,woman,False,C,Southampton,yes,False,3,2,7,7
26,0,3,male,29.69911764705882,0,0,7.225,C,Third,man,True,C,Cherbourg,no,True,2,1,1,1
27,0,1,male,19.0,3,2,263.0,S,First,man,True,C,Southampton,no,False,1,1,6,6
28,1,3,female,29.69911764705882,0,0,7.8792,Q,Third,woman,False,C,Queenstown,yes,True,2,2,1,1
29,0,3,male,29.69911764705882,0,0,7.8958,S,Third,man,True,C,Southampton,no,True,2,1,1,1
30,0,1,male,40.0,0,0,27.7208,C,First,man,True,C,Cherbourg,no,True,4,1,1,1
31,1,1,female,29.69911764705882,1,0,146.5208,C,First,woman,False,B,Cherbourg,yes,False,2,2,2,2
32,1,3,female,29.69911764705882,0,0,7.75,Q,Third,woman,False,C,Queenstown,yes,True,2,2,1,1
33,0,2,male,66.0,0,0,10.5,S,Second,man,True,C,Southampton,no,True,6,1,1,1
34,0,1,male,28.0,1,0,82.1708,C,First,man,True,C,Cherbourg,no,False,2,1,2,2
35,0,1,male,42.0,1,0,52.0,S,First,man,True,C,Southampton,no,False,4,1,2,2
36,1,3,male,29.69911764705882,0,0,7.2292,C,Third,man,True,C,Cherbourg,yes,True,2,1,1,1
37,0,3,male,21.0,0,0,8.05,S,Third,man,True,C,Southampton,no,True,2,1,1,1
38,0,3,female,18.0,2,0,18.0,S,Third,woman,False,C,Southampton,no,False,1,2,3,3
39,1,3,female,14.0,1,0,11.2417,C,Third,child,False,C,Cherbourg,yes,False,1,2,2,2
40,0,3,female,40.0,1,0,9.475,S,Third,woman,False,C,Southampton,no,False,4,2,2,2
41,0,2,female,27.0,1,0,21.0,S,Second,woman,False,C,Southampton,no,False,2,2,2,2
42,0,3,male,29.69911764705882,0,0,7.8958,C,Third,man,True,C,Cherbourg,no,True,2,1,1,1
43,1,2,female,3.0,1,2,41.5792,C,Second,child,False,C,Cherbourg,yes,False,0,2,4,4
44,1,3,female,19.0,0,0,7.8792,Q,Third,woman,False,C,Queenstown,yes,True,1,2,1,1
45,0,3,male,29.69911764705882,0,0,8.05,S,Third,man,True,C,Southampton,no,True,2,1,1,1
46,0,3,male,29.69911764705882,1,0,15.5,Q,Third,man,True,C,Queenstown,no,False,2,1,2,2
47,1,3,female,29.69911764705882,0,0,7.75,Q,Third,woman,False,C,Queenstown,yes,True,2,2,1,1
48,0,3,male,29.69911764705882,2,0,21.6792,C,Third,man,True,C,Cherbourg,no,False,2,1,3,3
49,0,3,female,18.0,1,0,17.8,S,Third,woman,False,C,Southampton,no,False,1,2,2,2
50,0,3,male,7.0,4,1,39.6875,S,Third,child,False,C,Southampton,no,False,0,1,6,6
51,0,3,male,21.0,0,0,7.8,S,Third,man,True,C,Southampton,no,True,2,1,1,1
52,1,1,female,49.0,1,0,76.7292,C,First,woman,False,D,Cherbourg,yes,False,4,2,2,2
53,1,2,female,29.0,1,0,26.0,S,Second,woman,False,C,Southampton,yes,False,2,2,2,2
54,0,1,male,65.0,0,1,61.9792,C,First,man,True,B,Cherbourg,no,False,6,1,2,2
55,1,1,male,29.69911764705882,0,0,35.5,S,First,man,True,C,Southampton,yes,True,2,1,1,1
56,1,2,female,21.0,0,0,10.5,S,Second,woman,False,C,Southampton,yes,True,2,2,1,1
57,0,3,male,28.5,0,0,7.2292,C,Third,man,True,C,Cherbourg,no,True,2,1,1,1
58,1,2,female,5.0,1,2,27.75,S,Second,child,False,C,Southampton,yes,False,0,2,4,4
59,0,3,male,11.0,5,2,46.9,S,Third,child,False,C,Southampton,no,False,1,1,8,8
60,0,3,male,22.0,0,0,7.2292,C,Third,man,True,C,Cherbourg,no,True,2,1,1,1
61,1,1,female,38.0,0,0,80.0,s,First,woman,False,B,Southampton,yes,True,3,2,1,1
62,0,1,male,45.0,1,0,83.475,S,First,man,True,C,Southampton,no,False,4,1,2,2
63,0,3,male,4.0,3,2,27.9,S,Third,child,False,C,Southampton,no,False,0,1,6,6
64,0,1,male,29.69911764705882,0,0,27.7208,C,First,man,True,C,Cherbourg,no,True,2,1,1,1
65,1,3,male,29.69911764705882,1,1,15.2458,C,Third,man,True,C,Cherbourg,yes,False,2,1,3,3
66,1,2,female,29.0,0,0,10.5,S,Second,woman,False,F,Southampton,yes,True,2,2,1,1
67,0,3,male,19.0,0,0,8.1583,S,Third,man,True,C,Southampton,no,True,1,1,1,1
68,1,3,female,17.0,4,2,7.925,S,Third,woman,False,C,Southampton,yes,False,1,2,7,7
69,0,3,male,26.0,2,0,8.6625,S,Third,man,True,C,Southampton,no,False,2,1,3,3
70,0,2,male,32.0,0,0,10.5,S,Second,man,True,C,Southampton,no,True,3,1,1,1
71,0,3,female,16.0,5,2,46.9,S,Third,woman,False,C,Southampton,no,False,1,2,8,8
72,0,2,male,21.0,0,0,73.5,S,Second,man,True,C,Southampton,no,True,2,1,1,1
73,0,3,male,26.0,1,0,14.4542,C,Third,man,True,C,Cherbourg,no,False,2,1,2,2
74,1,3,male,32.0,0,0,56.4958,S,Third,man,True,C,Southampton,yes,True,3,1,1,1
75,0,3,male,25.0,0,0,7.65,S,Third,man,True,F,Southampton,no,True,2,1,1,1
76,0,3,male,29.69911764705882,0,0,7.8958,S,Third,man,True,C,Southampton,no,True,2,1,1,1
77,0,3,male,29.69911764705882,0,0,8.05,S,Third,man,True,C,Southampton,no,True,2,1,1,1
78,1,2,male,0.83,0,2,29.0,S,Second,child,False,C,Southampton,yes,False,0,1,3,3
79,1,3,female,30.0,0,0,12.475,S,Third,woman,False,C,Southampton,yes,True,3,2,1,1
80,0,3,male,22.0,0,0,9.0,S,Third,man,True,C,Southampton,no,True,2,1,1,1
81,1,3,male,29.0,0,0,9.5,S,Third,man,True,C,Southampton,yes,True,2,1,1,1
82,1,3,female,29.69911764705882,0,0,7.7875,Q,Third,woman,False,C,Queenstown,yes,True,2,2,1,1
83,0,1,male,28.0,0,0,47.1,S,First,man,True,C,Southampton,no,True,2,1,1,1
84,1,2,female,17.0,0,0,10.5,S,Second,woman,False,C,Southampton,yes,True,1,2,1,1
85,1,3,female,33.0,3,0,15.85,S,Third,woman,False,C,Southampton,yes,False,3,2,4,4
86,0,3,male,16.0,1,3,34.375,S,Third,man,True,C,Southampton,no,False,1,1,5,5
87,0,3,male,29.69911764705882,0,0,8.05,S,Third,man,True,C,Southampton,no,True,2,1,1,1
88,1,1,female,23.0,3,2,263.0,S,First,woman,False,C,Southampton,yes,False,2,2,6,6
89,0,3,male,24.0,0,0,8.05,S,Third,man,True,C,Southampton,no,True,2,1,1,1
90,0,3,male,29.0,0,0,8.05,S,Third,man,True,C,Southampton,no,True,2,1,1,1
91,0,3,male,20.0,0,0,7.8542,S,Third,man,True,C,Southampton,no,True,2,1,1,1
92,0,1,male,46.0,1,0,61.175,S,First,man,True,E,Southampton,no,False,4,1,2,2
93,0,3,male,26.0,1,2,20.575,S,Third,man,True,C,Southampton,no,False,2,1,4,4
94,0,3,male,59.0,0,0,7.25,S,Third,man,True,C,Southampton,no,True,5,1,1,1
95,0,3,male,29.69911764705882,0,0,8.05,S,Third,man,True,C,Southampton,no,True,2,1,1,1
96,0,1,male,71.0,0,0,34.6542,C,First,man,True,A,Cherbourg,no,True,7,1,1,1
97,1,1,male,23.0,0,1,63.3583,C,First,man,True,D,Cherbourg,yes,False,2,1,2,2
98,1,2,female,34.0,0,1,23.0,S,Second,woman,False,C,Southampton,yes,False,3,2,2,2
99,0,2,male,34.0,1,0,26.0,S,Second,man,True,C,Southampton,no,False,3,1,2,2
100,0,3,female,28.0,0,0,7.8958,S,Third,woman,False,C,Southampton,no,True,2,2,1,1
101,0,3,male,29.69911764705882,0,0,7.8958,S,Third,man,True,C,Southampton,no,True,2,1,1,1
102,0,1,male,21.0,0,1,77.2875,S,First,man,True,D,Southampton,no,False,2,1,2,2
103,0,3,male,33.0,0,0,8.6542,S,Third,man,True,C,Southampton,no,True,3,1,1,1
104,0,3,male,37.0,2,0,7.925,S,Third,man,True,C,Southampton,no,False,3,1,3,3
105,0,3,male,28.0,0,0,7.8958,S,Third,man,True,C,Southampton,no,True,2,1,1,1
106,1,3,female,21.0,0,0,7.65,S,Third,woman,False,C,Southampton,yes,True,2,2,1,1
107,1,3,male,29.69911764705882,0,0,7.775,S,Third,man,True,C,Southampton,yes,True,2,1,1,1
108,0,3,male,38.0,0,0,7.8958,S,Third,man,True,C,Southampton,no,True,3,1,1,1
109,1,3,female,29.69911764705882,1,0,24.15,Q,Third,woman,False,C,Queenstown,yes,False,2,2,2,2
110,0,1,male,47.0,0,0,52.0,S,First,man,True,C,Southampton,no,True,4,1,1,1
111,0,3,female,14.5,1,0,14.4542,C,Third,child,False,C,Cherbourg,no,False,1,2,2,2
112,0,3,male,22.0,0,0,8.05,S,Third,man,True,C,Southampton,no,True,2,1,1,1
113,0,3,female,20.0,1,0,9.825,S,Third,woman,False,C,Southampton,no,False,2,2,2,2
114,0,3,female,17.0,0,0,14.4583,C,Third,woman,False,C,Cherbourg,no,True,1,2,1,1
115,0,3,male,21.0,0,0,7.925,S,Third,man,True,C,Southampton,no,True,2,1,1,1
116,0,3,male,70.5,0,0,7.75,Q,Third,man,True,C,Queenstown,no,True,7,1,1,1
117,0,2,male,29.0,1,0,21.0,S,Second,man,True,C,Southampton,no,False,2,1,2,2
118,0,1,male,24.0,0,1,247.5208,C,First,man,True,B,Cherbourg,no,False,2,1,2,2
119,0,3,female,2.0,4,2,31.275,S,Third,child,False,C,Southampton,no,False,0,2,7,7
120,0,2,male,21.0,2,0,73.5,S,Second,man,True,C,Southampton,no,False,2,1,3,3
121,0,3,male,29.69911764705882,0,0,8.05,S,Third,man,True,C,Southampton,no,True,2,1,1,1
122,0,2,male,32.5,1,0,30.0708,C,Second,man,True,C,Cherbourg,no,False,3,1,2,2
123,1,2,female,32.5,0,0,13.0,S,Second,woman,False,E,Southampton,yes,True,3,2,1,1
124,0,1,male,54.0,0,1,77.2875,S,First,man,True,D,Southampton,no,False,5,1,2,2
125,1,3,male,12.0,1,0,11.2417,C,Third,child,False,C,Cherbourg,yes,False,1,1,2,2
126,0,3,male,29.69911764705882,0,0,7.75,Q,Third,man,True,C,Queenstown,no,True,2,1,1,1
127,1,3,male,24.0,0,0,7.1417,S,Third,man,True,C,Southampton,yes,True,2,1,1,1
128,1,3,female,29.69911764705882,1,1,22.3583,C,Third,woman,False,F,Cherbourg,yes,False,2,2,3,3
129,0,3,male,45.0,0,0,6.975,S,Third,man,True,C,Southampton,no,True,4,1,1,1
130,0,3,male,33.0,0,0,7.8958,C,Third,man,True,C,Cherbourg,no,True,3,1,1,1
131,0,3,male,20.0,0,0,7.05,S,Third,man,True,C,Southampton,no,True,2,1,1,1
132,0,3,female,47.0,1,0,14.5,S,Third,woman,False,C,Southampton,no,False,4,2,2,2
133,1,2,female,29.0,1,0,26.0,S,Second,woman,False,C,Southampton,yes,False,2,2,2,2
134,0,2,male,25.0,0,0,13.0,S,Second,man,True,C,Southampton,no,True,2,1,1,1
135,0,2,male,23.0,0,0,15.0458,C,Second,man,True,C,Cherbourg,no,True,2,1,1,1
136,1,1,female,19.0,0,2,26.2833,S,First,woman,False,D,Southampton,yes,False,1,2,3,3
137,0,1,male,37.0,1,0,53.1,S,First,man,True,C,Southampton,no,False,3,1,2,2
138,0,3,male,16.0,0,0,9.2167,S,Third,man,True,C,Southampton,no,True,1,1,1,1
139,0,1,male,24.0,0,0,79.2,C,First,man,True,B,Cherbourg,no,True,2,1,1,1
140,0,3,female,29.69911764705882,0,2,15.2458,C,Third,woman,False,C,Cherbourg,no,False,2,2,3,3
141,1,3,female,22.0,0,0,7.75,S,Third,woman,False,C,Southampton,yes,True,2,2,1,1
142,1,3,female,24.0,1,0,15.85,S,Third,woman,False,C,Southampton,yes,False,2,2,2,2
143,0,3,male,19.0,0,0,6.75,Q,Third,man,True,C,Queenstown,no,True,1,1,1,1
144,0,2,male,18.0,0,0,11.5,S,Second,man,True,C,Southampton,no,True,1,1,1,1
145,0,2,male,19.0,1,1,36.75,S,Second,man,True,C,Southampton,no,False,1,1,3,3
146,1,3,male,27.0,0,0,7.7958,S,Third,man,True,C,Southampton,yes,True,2,1,1,1
147,0,3,female,9.0,2,2,34.375,S,Third,child,False,C,Southampton,no,False,0,2,5,5
148,0,2,male,36.5,0,2,26.0,S,Second,man,True,F,Southampton,no,False,3,1,3,3
149,0,2,male,42.0,0,0,13.0,S,Second,man,True,C,Southampton,no,True,4,1,1,1
150,0,2,male,51.0,0,0,12.525,S,Second,man,True,C,Southampton,no,True,5,1,1,1
151,1,1,female,22.0,1,0,66.6,S,First,woman,False,C,Southampton,yes,False,2,2,2,2
152,0,3,male,55.5,0,0,8.05,S,Third,man,True,C,Southampton,no,True,5,1,1,1
153,0,3,male,40.5,0,2,14.5,S,Third,man,True,C,Southampton,no,False,4,1,3,3
154,0,3,male,29.69911764705882,0,0,7.3125,S,Third,man,True,C,Southampton,no,True,2,1,1,1
155,0,1,male,51.0,0,1,61.3792,C,First,man,True,C,Cherbourg,no,False,5,1,2,2
156,1,3,female,16.0,0,0,7.7333,Q,Third,woman,False,C,Queenstown,yes,True,1,2,1,1
157,0,3,male,30.0,0,0,8.05,S,Third,man,True,C,Southampton,no,True,3,1,1,1
158,0,3,male,29.69911764705882,0,0,8.6625,S,Third,man,True,C,Southampton,no,True,2,1,1,1
159,0,3,male,29.69911764705882,8,2,69.55,S,Third,man,True,C,Southampton,no,False,2,1,11,11
160,0,3,male,44.0,0,1,16.1,S,Third,man,True,C,Southampton,no,False,4,1,2,2
161,1,2,female,40.0,0,0,15.75,S,Second,woman,False,C,Southampton,yes,True,4,2,1,1
162,0,3,male,26.0,0,0,7.775,S,Third,man,True,C,Southampton,no,True,2,1,1,1
163,0,3,male,17.0,0,0,8.6625,S,Third,man,True,C,Southampton,no,True,1,1,1,1
164,0,3,male,1.0,4,1,39.6875,S,Third,child,False,C,Southampton,no,False,0,1,6,6
165,1,3,male,9.0,0,2,20.525,S,Third,child,False,C,Southampton,yes,False,0,1,3,3
166,1,1,female,29.69911764705882,0,1,55.0,S,First,woman,False,E,Southampton,yes,False,2,2,2,2
167,0,3,female,45.0,1,4,27.9,S,Third,woman,False,C,Southampton,no,False,4,2,6,6
168,0,1,male,29.69911764705882,0,0,25.925,S,First,man,True,C,Southampton,no,True,2,1,1,1
169,0,3,male,28.0,0,0,56.4958,S,Third,man,True,C,Southampton,no,True,2,1,1,1
170,0,1,male,61.0,0,0,33.5,S,First,man,True,B,Southampton,no,True,6,1,1,1
171,0,3,male,4.0,4,1,29.125,Q,Third,child,False,C,Queenstown,no,False,0,1,6,6
172,1,3,female,1.0,1,1,11.1333,S,Third,child,False,C,Southampton,yes,False,0,2,3,3
173,0,3,male,21.0,0,0,7.925,S,Third,man,True,C,Southampton,no,True,2,1,1,1
174,0,1,male,56.0,0,0,30.6958,C,First,man,True,A,Cherbourg,no,True,5,1,1,1
175,0,3,male,18.0,1,1,7.8542,S,Third,man,True,C,Southampton,no,False,1,1,3,3
176,0,3,male,29.69911764705882,3,1,25.4667,S,Third,man,True,C,Southampton,no,False,2,1,5,5
177,0,1,female,50.0,0,0,28.7125,C,First,woman,False,C,Cherbourg,no,True,5,2,1,1
178,0,2,male,30.0,0,0,13.0,S,Second,man,True,C,Southampton,no,True,3,1,1,1
179,0,3,male,36.0,0,0,0.0,S,Third,man,True,C,Southampton,no,True,3,1,1,1
180,0,3,female,29.69911764705882,8,2,69.55,S,Third,woman,False,C,Southampton,no,False,2,2,11,11
181,0,2,male,29.69911764705882,0,0,15.05,C,Second,man,True,C,Cherbourg,no,True,2,1,1,1
182,0,3,male,9.0,4,2,31.3875,S,Third,child,False,C,Southampton,no,False,0,1,7,7
183,1,2,male,1.0,2,1,39.0,S,Second,child,False,F,Southampton,yes,False,0,1,4,4
184,1,3,female,4.0,0,2,22.025,S,Third,child,False,C,Southampton,yes,False,0,2,3,3
185,0,1,male,29.69911764705882,0,0,50.0,S,First,man,True,A,Southampton,no,True,2,1,1,1
186,1,3,female,29.69911764705882,1,0,15.5,Q,Third,woman,False,C,Queenstown,yes,False,2,2,2,2
187,1,1,male,45.0,0,0,26.55,S,First,man,True,C,Southampton,yes,True,4,1,1,1
188,0,3,male,40.0,1,1,15.5,Q,Third,man,True,C,Queenstown,no,False,4,1,3,3
189,0,3,male,36.0,0,0,7.8958,S,Third,man,True,C,Southampton,no,True,3,1,1,1
190,1,2,female,32.0,0,0,13.0,S,Second,woman,False,C,Southampton,yes,True,3,2,1,1
191,0,2,male,19.0,0,0,13.0,S,Second,man,True,C,Southampton,no,True,1,1,1,1
192,1,3,female,19.0,1,0,7.8542,S,Third,woman,False,C,Southampton,yes,False,1,2,2,2
193,1,2,male,3.0,1,1,26.0,S,Second,child,False,F,Southampton,yes,False,0,1,3,3
194,1,1,female,44.0,0,0,27.7208,C,First,woman,False,B,Cherbourg,yes,True,4,2,1,1
195,1,1,female,58.0,0,0,146.5208,C,First,woman,False,B,Cherbourg,yes,True,5,2,1,1
196,0,3,male,29.69911764705882,0,0,7.75,Q,Third,man,True,C,Queenstown,no,True,2,1,1,1
197,0,3,male,42.0,0,1,8.4042,S,Third,man,True,C,Southampton,no,False,4,1,2,2
198,1,3,female,29.69911764705882,0,0,7.75,Q,Third,woman,False,C,Queenstown,yes,True,2,2,1,1
199,0,2,female,24.0,0,0,13.0,S,Second,woman,False,C,Southampton,no,True,2,2,1,1
200,0,3,male,28.0,0,0,9.5,S,Third,man,True,C,Southampton,no,True,2,1,1,1
201,0,3,male,29.69911764705882,8,2,69.55,S,Third,man,True,C,Southampton,no,False,2,1,11,11
202,0,3,male,34.0,0,0,6.4958,S,Third,man,True,C,Southampton,no,True,3,1,1,1
203,0,3,male,45.5,0,0,7.225,C,Third,man,True,C,Cherbourg,no,True,4,1,1,1
204,1,3,male,18.0,0,0,8.05,S,Third,man,True,C,Southampton,yes,True,1,1,1,1
205,0,3,female,2.0,0,1,10.4625,S,Third,child,False,G,Southampton,no,False,0,2,2,2
206,0,3,male,32.0,1,0,15.85,S,Third,man,True,C,Southampton,no,False,3,1,2,2
207,1,3,male,26.0,0,0,18.7875,C,Third,man,True,C,Cherbourg,yes,True,2,1,1,1
208,1,3,female,16.0,0,0,7.75,Q,Third,woman,False,C,Queenstown,yes,True,1,2,1,1
209,1,1,male,40.0,0,0,31.0,C,First,man,True,A,Cherbourg,yes,True,4,1,1,1
210,0,3,male,24.0,0,0,7.05,S,Third,man,True,C,Southampton,no,True,2,1,1,1
211,1,2,female,35.0,0,0,21.0,S,Second,woman,False,C,Southampton,yes,True,3,2,1,1
212,0,3,male,22.0,0,0,7.25,S,Third,man,True,C,Southampton,no,True,2,1,1,1
213,0,2,male,30.0,0,0,13.0,S,Second,man,True,C,Southampton,no,True,3,1,1,1
214,0,3,male,29.69911764705882,1,0,7.75,Q,Third,man,True,C,Queenstown,no,False,2,1,2,2
215,1,1,female,31.0,1,0,113.275,C,First,woman,False,D,Cherbourg,yes,False,3,2,2,2
216,1,3,female,27.0,0,0,7.925,S,Third,woman,False,C,Southampton,yes,True,2,2,1,1
217,0,2,male,42.0,1,0,27.0,S,Second,man,True,C,Southampton,no,False,4,1,2,2
218,1,1,female,32.0,0,0,76.2917,C,First,woman,False,D,Cherbourg,yes,True,3,2,1,1
219,0,2,male,30.0,0,0,10.5,S,Second,man,True,C,Southampton,no,True,3,1,1,1
220,1,3,male,16.0,0,0,8.05,S,Third,man,True,C,Southampton,yes,True,1,1,1,1
221,0,2,male,27.0,0,0,13.0,S,Second,man,True,C,Southampton,no,True,2,1,1,1
222,0,3,male,51.0,0,0,8.05,S,Third,man,True,C,Southampton,no,True,5,1,1,1
223,0,3,male,29.69911764705882,0,0,7.8958,S,Third,man,True,C,Southampton,no,True,2,1,1,1
224,1,1,male,38.0,1,0,90.0,S,First,man,True,C,Southampton,yes,False,3,1,2,2
225,0,3,male,22.0,0,0,9.35,S,Third,man,True,C,Southampton,no,True,2,1,1,1
226,1,2,male,19.0,0,0,10.5,S,Second,man,True,C,Southampton,yes,True,1,1,1,1
227,0,3,male,20.5,0,0,7.25,S,Third,man,True,C,Southampton,no,True,2,1,1,1
228,0,2,male,18.0,0,0,13.0,S,Second,man,True,C,Southampton,no,True,1,1,1,1
229,0,3,female,29.69911764705882,3,1,25.4667,S,Third,woman,False,C,Southampton,no,False,2,2,5,5
230,1,1,female,35.0,1,0,83.475,S,First,woman,False,C,Southampton,yes,False,3,2,2,2
231,0,3,male,29.0,0,0,7.775,S,Third,man,True,C,Southampton,no,True,2,1,1,1
232,0,2,male,59.0,0,0,13.5,S,Second,man,True,C,Southampton,no,True,5,1,1,1
233,1,3,female,5.0,4,2,31.3875,S,Third,child,False,C,Southampton,yes,False,0,2,7,7
234,0,2,male,24.0,0,0,10.5,S,Second,man,True,C,Southampton,no,True,2,1,1,1
235,0,3,female,29.69911764705882,0,0,7.55,S,Third,woman,False,C,Southampton,no,True,2,2,1,1
236,0,2,male,44.0,1,0,26.0,S,Second,man,True,C,Southampton,no,False,4,1,2,2
237,1,2,female,8.0,0,2,26.25,S,Second,child,False,C,Southampton,yes,False,0,2,3,3
238,0,2,male,19.0,0,0,10.5,S,Second,man,True,C,Southampton,no,True,1,1,1,1
239,0,2,male,33.0,0,0,12.275,S,Second,man,True,C,Southampton,no,True,3,1,1,1
240,0,3,female,29.69911764705882,1,0,14.4542,C,Third,woman,False,C,Cherbourg,no,False,2,2,2,2
241,1,3,female,29.69911764705882,1,0,15.5,Q,Third,woman,False,C,Queenstown,yes,False,2,2,2,2
242,0,2,male,29.0,0,0,10.5,S,Second,man,True,C,Southampton,no,True,2,1,1,1
243,0,3,male,22.0,0,0,7.125,S,Third,man,True,C,Southampton,no,True,2,1,1,1
244,0,3,male,30.0,0,0,7.225,C,Third,man,True,C,Cherbourg,no,True,3,1,1,1
245,0,1,male,44.0,2,0,90.0,Q,First,man,True,C,Queenstown,no,False,4,1,3,3
246,0,3,female,25.0,0,0,7.775,S,Third,woman,False,C,Southampton,no,True,2,2,1,1
247,1,2,female,24.0,0,2,14.5,S,Second,woman,False,C,Southampton,yes,False,2,2,3,3
248,1,1,male,37.0,1,1,52.5542,S,First,man,True,D,Southampton,yes,False,3,1,3,3
249,0,2,male,54.0,1,0,26.0,S,Second,man,True,C,Southampton,no,False,5,1,2,2
250,0,3,male,29.69911764705882,0,0,7.25,S,Third,man,True,C,Southampton,no,True,2,1,1,1
251,0,3,female,29.0,1,1,10.4625,S,Third,woman,False,G,Southampton,no,False,2,2,3,3
252,0,1,male,62.0,0,0,26.55,S,First,man,True,C,Southampton,no,True,6,1,1,1
253,0,3,male,30.0,1,0,16.1,S,Third,man,True,C,Southampton,no,False,3,1,2,2
254,0,3,female,41.0,0,2,20.2125,S,Third,woman,False,C,Southampton,no,False,4,2,3,3
255,1,3,female,29.0,0,2,15.2458,C,Third,woman,False,C,Cherbourg,yes,False,2,2,3,3
256,1,1,female,29.69911764705882,0,0,79.2,C,First,woman,False,C,Cherbourg,yes,True,2,2,1,1
257,1,1,female,30.0,0,0,86.5,S,First,woman,False,B,Southampton,yes,True,3,2,1,1
258,1,1,female,35.0,0,0,512.3292,C,First,woman,False,C,Cherbourg,yes,True,3,2,1,1
259,1,2,female,50.0,0,1,26.0,S,Second,woman,False,C,Southampton,yes,False,5,2,2,2
260,0,3,male,29.69911764705882,0,0,7.75,Q,Third,man,True,C,Queenstown,no,True,2,1,1,1
261,1,3,male,3.0,4,2,31.3875,S,Third,child,False,C,Southampton,yes,False,0,1,7,7
262,0,1,male,52.0,1,1,79.65,S,First,man,True,E,Southampton,no,False,5,1,3,3
263,0,1,male,40.0,0,0,0.0,S,First,man,True,B,Southampton,no,True,4,1,1,1
264,0,3,female,29.69911764705882,0,0,7.75,Q,Third,woman,False,C,Queenstown,no,True,2,2,1,1
265,0,2,male,36.0,0,0,10.5,S,Second,man,True,C,Southampton,no,True,3,1,1,1
266,0,3,male,16.0,4,1,39.6875,S,Third,man,True,C,Southampton,no,False,1,1,6,6
267,1,3,male,25.0,1,0,7.775,S,Third,man,True,C,Southampton,yes,False,2,1,2,2
268,1,1,female,58.0,0,1,153.4625,S,First,woman,False,C,Southampton,yes,False,5,2,2,2
269,1,1,female,35.0,0,0,135.6333,S,First,woman,False,C,Southampton,yes,True,3,2,1,1
270,0,1,male,29.69911764705882,0,0,31.0,S,First,man,True,C,Southampton,no,True,2,1,1,1
271,1,3,male,25.0,0,0,0.0,S,Third,man,True,C,Southampton,yes,True,2,1,1,1
272,1,2,female,41.0,0,1,19.5,S,Second,woman,False,C,Southampton,yes,False,4,2,2,2
273,0,1,male,37.0,0,1,29.7,C,First,man,True,C,Cherbourg,no,False,3,1,2,2
274,1,3,female,29.69911764705882,0,0,7.75,Q,Third,woman,False,C,Queenstown,yes,True,2,2,1,1
275,1,1,female,63.0,1,0,77.9583,S,First,woman,False,D,Southampton,yes,False,6,2,2,2
276,0,3,female,45.0,0,0,7.75,S,Third,woman,False,C,Southampton,no,True,4,2,1,1
277,0,2,male,29.69911764705882,0,0,0.0,S,Second,man,True,C,Southampton,no,True,2,1,1,1
278,0,3,male,7.0,4,1,29.125,Q,Third,child,False,C,Queenstown,no,False,0,1,6,6
279,1,3,female,35.0,1,1,20.25,S,Third,woman,False,C,Southampton,yes,False,3,2,3,3
280,0,3,male,65.0,0,0,7.75,Q,Third,man,True,C,Queenstown,no,True,6,1,1,1
281,0,3,male,28.0,0,0,7.8542,S,Third,man,True,C,Southampton,no,True,2,1,1,1
282,0,3,male,16.0,0,0,9.5,S,Third,man,True,C,Southampton,no,True,1,1,1,1
283,1,3,male,19.0,0,0,8.05,S,Third,man,True,C,Southampton,yes,True,1,1,1,1
284,0,1,male,29.69911764705882,0,0,26.0,S,First,man,True,A,Southampton,no,True,2,1,1,1
285,0,3,male,33.0,0,0,8.6625,C,Third,man,True,C,Cherbourg,no,True,3,1,1,1
286,1,3,male,30.0,0,0,9.5,S,Third,man,True,C,Southampton,yes,True,3,1,1,1
287,0,3,male,22.0,0,0,7.8958,S,Third,man,True,C,Southampton,no,True,2,1,1,1
288,1,2,male,42.0,0,0,13.0,S,Second,man,True,C,Southampton,yes,True,4,1,1,1
289,1,3,female,22.0,0,0,7.75,Q,Third,woman,False,C,Queenstown,yes,True,2,2,1,1
290,1,1,female,26.0,0,0,78.85,S,First,woman,False,C,Southampton,yes,True,2,2,1,1
291,1,1,female,19.0,1,0,91.0792,C,First,woman,False,B,Cherbourg,yes,False,1,2,2,2
292,0,2,male,36.0,0,0,12.875,C,Second,man,True,D,Cherbourg,no,True,3,1,1,1
293,0,3,female,24.0,0,0,8.85,S,Third,woman,False,C,Southampton,no,True,2,2,1,1
294,0,3,male,24.0,0,0,7.8958,S,Third,man,True,C,Southampton,no,True,2,1,1,1
295,0,1,male,29.69911764705882,0,0,27.7208,C,First,man,True,C,Cherbourg,no,True,2,1,1,1
296,0,3,male,23.5,0,0,7.2292,C,Third,man,True,C,Cherbourg,no,True,2,1,1,1
297,0,1,female,2.0,1,2,151.55,S,First,child,False,C,Southampton,no,False,0,2,4,4
298,1,1,male,29.69911764705882,0,0,30.5,S,First,man,True,C,Southampton,yes,True,2,1,1,1
299,1,1,female,50.0,0,1,247.5208,C,First,woman,False,B,Cherbourg,yes,False,5,2,2,2
300,1,3,female,29.69911764705882,0,0,7.75,Q,Third,woman,False,C,Queenstown,yes,True,2,2,1,1
301,1,3,male,29.69911764705882,2,0,23.25,Q,Third,man,True,C,Queenstown,yes,False,2,1,3,3
302,0,3,male,19.0,0,0,0.0,S,Third,man,True,C,Southampton,no,True,1,1,1,1
303,1,2,female,29.69911764705882,0,0,12.35,Q,Second,woman,False,E,Queenstown,yes,True,2,2,1,1
304,0,3,male,29.69911764705882,0,0,8.05,S,Third,man,True,C,Southampton,no,True,2,1,1,1
305,1,1,male,0.92,1,2,151.55,S,First,child,False,C,Southampton,yes,False,0,1,4,4
306,1,1,female,29.69911764705882,0,0,110.8833,C,First,woman,False,C,Cherbourg,yes,True,2,2,1,1
307,1,1,female,17.0,1,0,108.9,C,First,woman,False,C,Cherbourg,yes,False,1,2,2,2
308,0,2,male,30.0,1,0,24.0,C,Second,man,True,C,Cherbourg,no,False,3,1,2,2
309,1,1,female,30.0,0,0,56.9292,C,First,woman,False,E,Cherbourg,yes,True,3,2,1,1
310,1,1,female,24.0,0,0,83.1583,C,First,woman,False,C,Cherbourg,yes,True,2,2,1,1
311,1,1,female,18.0,2,2,262.375,C,First,woman,False,B,Cherbourg,yes,False,1,2,5,5
312,0,2,female,26.0,1,1,26.0,S,Second,woman,False,C,Southampton,no,False,2,2,3,3
313,0,3,male,28.0,0,0,7.8958,S,Third,man,True,C,Southampton,no,True,2,1,1,1
314,0,2,male,43.0,1,1,26.25,S,Second,man,True,C,Southampton,no,False,4,1,3,3
315,1,3,female,26.0,0,0,7.8542,S,Third,woman,False,C,Southampton,yes,True,2,2,1,1
316,1,2,female,24.0,1,0,26.0,S,Second,woman,False,C,Southampton,yes,False,2,2,2,2
317,0,2,male,54.0,0,0,14.0,S,Second,man,True,C,Southampton,no,True,5,1,1,1
318,1,1,female,31.0,0,2,164.8667,S,First,woman,False,C,Southampton,yes,False,3,2,3,3
319,1,1,female,40.0,1,1,134.5,C,First,woman,False,E,Cherbourg,yes,False,4,2,3,3
320,0,3,male,22.0,0,0,7.25,S,Third,man,True,C,Southampton,no,True,2,1,1,1
321,0,3,male,27.0,0,0,7.8958,S,Third,man,True,C,Southampton,no,True,2,1,1,1
322,1,2,female,30.0,0,0,12.35,Q,Second,woman,False,C,Queenstown,yes,True,3,2,1,1
323,1,2,female,22.0,1,1,29.0,S,Second,woman,False,C,Southampton,yes,False,2,2,3,3
324,0,3,male,29.69911764705882,8,2,69.55,S,Third,man,True,C,Southampton,no,False,2,1,11,11
325,1,1,female,36.0,0,0,135.6333,C,First,woman,False,C,Cherbourg,yes,True,3,2,1,1
326,0,3,male,61.0,0,0,6.2375,S,Third,man,True,C,Southampton,no,True,6,1,1,1
327,1,2,female,36.0,0,0,13.0,S,Second,woman,False,D,Southampton,yes,True,3,2,1,1
328,1,3,female,31.0,1,1,20.525,S,Third,woman,False,C,Southampton,yes,False,3,2,3,3
329,1,1,female,16.0,0,1,57.9792,C,First,woman,False,B,Cherbourg,yes,False,1,2,2,2
330,1,3,female,29.69911764705882,2,0,23.25,Q,Third,woman,False,C,Queenstown,yes,False,2,2,3,3
331,0,1,male,45.5,0,0,28.5,S,First,man,True,C,Southampton,no,True,4,1,1,1
332,0,1,male,38.0,0,1,153.4625,S,First,man,True,C,Southampton,no,False,3,1,2,2
333,0,3,male,16.0,2,0,18.0,S,Third,man,True,C,Southampton,no,False,1,1,3,3
334,1,1,female,29.69911764705882,1,0,133.65,S,First,woman,False,C,Southampton,yes,False,2,2,2,2
335,0,3,male,29.69911764705882,0,0,7.8958,S,Third,man,True,C,Southampton,no,True,2,1,1,1
336,0,1,male,29.0,1,0,66.6,S,First,man,True,C,Southampton,no,False,2,1,2,2
337,1,1,female,41.0,0,0,134.5,C,First,woman,False,E,Cherbourg,yes,True,4,2,1,1
338,1,3,male,45.0,0,0,8.05,S,Third,man,True,C,Southampton,yes,True,4,1,1,1
339,0,1,male,45.0,0,0,35.5,S,First,man,True,C,Southampton,no,True,4,1,1,1
340,1,2,male,2.0,1,1,26.0,S,Second,child,False,F,Southampton,yes,False,0,1,3,3
341,1,1,female,24.0,3,2,263.0,S,First,woman,False,C,Southampton,yes,False,2,2,6,6
342,0,2,male,28.0,0,0,13.0,S,Second,man,True,C,Southampton,no,True,2,1,1,1
343,0,2,male,25.0,0,0,13.0,S,Second,man,True,C,Southampton,no,True,2,1,1,1
344,0,2,male,36.0,0,0,13.0,S,Second,man,True,C,Southampton,no,True,3,1,1,1
345,1,2,female,24.0,0,0,13.0,S,Second,woman,False,F,Southampton,yes,True,2,2,1,1
346,1,2,female,40.0,0,0,13.0,S,Second,woman,False,C,Southampton,yes,True,4,2,1,1
347,1,3,female,29.69911764705882,1,0,16.1,S,Third,woman,False,C,Southampton,yes,False,2,2,2,2
348,1,3,male,3.0,1,1,15.9,S,Third,child,False,C,Southampton,yes,False,0,1,3,3
349,0,3,male,42.0,0,0,8.6625,S,Third,man,True,C,Southampton,no,True,4,1,1,1
350,0,3,male,23.0,0,0,9.225,S,Third,man,True,C,Southampton,no,True,2,1,1,1
351,0,1,male,29.69911764705882,0,0,35.0,S,First,man,True,C,Southampton,no,True,2,1,1,1
352,0,3,male,15.0,1,1,7.2292,C,Third,child,False,C,Cherbourg,no,False,1,1,3,3
353,0,3,male,25.0,1,0,17.8,S,Third,man,True,C,Southampton,no,False,2,1,2,2
354,0,3,male,29.69911764705882,0,0,7.225,C,Third,man,True,C,Cherbourg,no,True,2,1,1,1
355,0,3,male,28.0,0,0,9.5,S,Third,man,True,C,Southampton,no,True,2,1,1,1
356,1,1,female,22.0,0,1,55.0,S,First,woman,False,E,Southampton,yes,False,2,2,2,2
357,0,2,female,38.0,0,0,13.0,S,Second,woman,False,C,Southampton,no,True,3,2,1,1
358,1,3,female,29.69911764705882,0,0,7.8792,Q,Third,woman,False,C,Queenstown,yes,True,2,2,1,1
359,1,3,female,29.69911764705882,0,0,7.8792,Q,Third,woman,False,C,Queenstown,yes,True,2,2,1,1
360,0,3,male,40.0,1,4,27.9,S,Third,man,True,C,Southampton,no,False,4,1,6,6
361,0,2,male,29.0,1,0,27.7208,C,Second,man,True,C,Cherbourg,no,False,2,1,2,2
362,0,3,female,45.0,0,1,14.4542,C,Third,woman,False,C,Cherbourg,no,False,4,2,2,2
363,0,3,male,35.0,0,0,7.05,S,Third,man,True,C,Southampton,no,True,3,1,1,1
364,0,3,male,29.69911764705882,1,0,15.5,Q,Third,man,True,C,Queenstown,no,False,2,1,2,2
365,0,3,male,30.0,0,0,7.25,S,Third,man,True,C,Southampton,no,True,3,1,1,1
366,1,1,female,60.0,1,0,75.25,C,First,woman,False,D,Cherbourg,yes,False,6,2,2,2
367,1,3,female,29.69911764705882,0,0,7.2292,C,Third,woman,False,C,Cherbourg,yes,True,2,2,1,1
368,1,3,female,29.69911764705882,0,0,7.75,Q,Third,woman,False,C,Queenstown,yes,True,2,2,1,1
369,1,1,female,24.0,0,0,69.3,C,First,woman,False,B,Cherbourg,yes,True,2,2,1,1
370,1,1,male,25.0,1,0,55.4417,C,First,man,True,E,Cherbourg,yes,False,2,1,2,2
371,0,3,male,18.0,1,0,6.4958,S,Third,man,True,C,Southampton,no,False,1,1,2,2
372,0,3,male,19.0,0,0,8.05,S,Third,man,True,C,Southampton,no,True,1,1,1,1
373,0,1,male,22.0,0,0,135.6333,C,First,man,True,C,Cherbourg,no,True,2,1,1,1
374,0,3,female,3.0,3,1,21.075,S,Third,child,False,C,Southampton,no,False,0,2,5,5
375,1,1,female,29.69911764705882,1,0,82.1708,C,First,woman,False,C,Cherbourg,yes,False,2,2,2,2
376,1,3,female,22.0,0,0,7.25,S,Third,woman,False,C,Southampton,yes,True,2,2,1,1
377,0,1,male,27.0,0,2,211.5,C,First,man,True,C,Cherbourg,no,False,2,1,3,3
378,0,3,male,20.0,0,0,4.0125,C,Third,man,True,C,Cherbourg,no,True,2,1,1,1
379,0,3,male,19.0,0,0,7.775,S,Third,man,True,C,Southampton,no,True,1,1,1,1
380,1,1,female,42.0,0,0,227.525,C,First,woman,False,C,Cherbourg,yes,True,4,2,1,1
381,1,3,female,1.0,0,2,15.7417,C,Third,child,False,C,Cherbourg,yes,False,0,2,3,3
382,0,3,male,32.0,0,0,7.925,S,Third,man,True,C,Southampton,no,True,3,1,1,1
383,1,1,female,35.0,1,0,52.0,S,First,woman,False,C,Southampton,yes,False,3,2,2,2
384,0,3,male,29.69911764705882,0,0,7.8958,S,Third,man,True,C,Southampton,no,True,2,1,1,1
385,0,2,male,18.0,0,0,73.5,S,Second,man,True,C,Southampton,no,True,1,1,1,1
386,0,3,male,1.0,5,2,46.9,S,Third,child,False,C,Southampton,no,False,0,1,8,8
387,1,2,female,36.0,0,0,13.0,S,Second,woman,False,C,Southampton,yes,True,3,2,1,1
388,0,3,male,29.69911764705882,0,0,7.7292,Q,Third,man,True,C,Queenstown,no,True,2,1,1,1
389,1,2,female,17.0,0,0,12.0,C,Second,woman,False,C,Cherbourg,yes,True,1,2,1,1
390,1,1,male,36.0,1,2,120.0,S,First,man,True,B,Southampton,yes,False,3,1,4,4
391,1,3,male,21.0,0,0,7.7958,S,Third,man,True,C,Southampton,yes,True,2,1,1,1
392,0,3,male,28.0,2,0,7.925,S,Third,man,True,C,Southampton,no,False,2,1,3,3
393,1,1,female,23.0,1,0,113.275,C,First,woman,False,D,Cherbourg,yes,False,2,2,2,2
394,1,3,female,24.0,0,2,16.7,S,Third,woman,False,G,Southampton,yes,False,2,2,3,3
395,0,3,male,22.0,0,0,7.7958,S,Third,man,True,C,Southampton,no,True,2,1,1,1
396,0,3,female,31.0,0,0,7.8542,S,Third,woman,False,C,Southampton,no,True,3,2,1,1
397,0,2,male,46.0,0,0,26.0,S,Second,man,True,C,Southampton,no,True,4,1,1,1
398,0,2,male,23.0,0,0,10.5,S,Second,man,True,C,Southampton,no,True,2,1,1,1
399,1,2,female,28.0,0,0,12.65,S,Second,woman,False,C,Southampton,yes,True,2,2,1,1
400,1,3,male,39.0,0,0,7.925,S,Third,man,True,C,Southampton,yes,True,3,1,1,1
401,0,3,male,26.0,0,0,8.05,S,Third,man,True,C,Southampton,no,True,2,1,1,1
402,0,3,female,21.0,1,0,9.825,S,Third,woman,False,C,Southampton,no,False,2,2,2,2
403,0,3,male,28.0,1,0,15.85,S,Third,man,True,C,Southampton,no,False,2,1,2,2
404,0,3,female,20.0,0,0,8.6625,S,Third,woman,False,C,Southampton,no,True,2,2,1,1
405,0,2,male,34.0,1,0,21.0,S,Second,man,True,C,Southampton,no,False,3,1,2,2
406,0,3,male,51.0,0,0,7.75,S,Third,man,True,C,Southampton,no,True,5,1,1,1
407,1,2,male,3.0,1,1,18.75,S,Second,child,False,C,Southampton,yes,False,0,1,3,3
408,0,3,male,21.0,0,0,7.775,S,Third,man,True,C,Southampton,no,True,2,1,1,1
409,0,3,female,29.69911764705882,3,1,25.4667,S,Third,woman,False,C,Southampton,no,False,2,2,5,5
410,0,3,male,29.69911764705882,0,0,7.8958,S,Third,man,True,C,Southampton,no,True,2,1,1,1
411,0,3,male,29.69911764705882,0,0,6.8583,Q,Third,man,True,C,Queenstown,no,True,2,1,1,1
412,1,1,female,33.0,1,0,90.0,Q,First,woman,False,C,Queenstown,yes,False,3,2,2,2
413,0,2,male,29.69911764705882,0,0,0.0,S,Second,man,True,C,Southampton,no,True,2,1,1,1
414,1,3,male,44.0,0,0,7.925,S,Third,man,True,C,Southampton,yes,True,4,1,1,1
415,0,3,female,29.69911764705882,0,0,8.05,S,Third,woman,False,C,Southampton,no,True,2,2,1,1
416,1,2,female,34.0,1,1,32.5,S,Second,woman,False,C,Southampton,yes,False,3,2,3,3
417,1,2,female,18.0,0,2,13.0,S,Second,woman,False,C,Southampton,yes,False,1,2,3,3
418,0,2,male,30.0,0,0,13.0,S,Second,man,True,C,Southampton,no,True,3,1,1,1
419,0,3,female,10.0,0,2,24.15,S,Third,child,False,C,Southampton,no,False,1,2,3,3
420,0,3,male,29.69911764705882,0,0,7.8958,C,Third,man,True,C,Cherbourg,no,True,2,1,1,1
421,0,3,male,21.0,0,0,7.7333,Q,Third,man,True,C,Queenstown,no,True,2,1,1,1
422,0,3,male,29.0,0,0,7.875,S,Third,man,True,C,Southampton,no,True,2,1,1,1
423,0,3,female,28.0,1,1,14.4,S,Third,woman,False,C,Southampton,no,False,2,2,3,3
424,0,3,male,18.0,1,1,20.2125,S,Third,man,True,C,Southampton,no,False,1,1,3,3
425,0,3,male,29.69911764705882,0,0,7.25,S,Third,man,True,C,Southampton,no,True,2,1,1,1
426,1,2,female,28.0,1,0,26.0,S,Second,woman,False,C,Southampton,yes,False,2,2,2,2
427,1,2,female,19.0,0,0,26.0,S,Second,woman,False,C,Southampton,yes,True,1,2,1,1
428,0,3,male,29.69911764705882,0,0,7.75,Q,Third,man,True,C,Queenstown,no,True,2,1,1,1
429,1,3,male,32.0,0,0,8.05,S,Third,man,True,E,Southampton,yes,True,3,1,1,1
430,1,1,male,28.0,0,0,26.55,S,First,man,True,C,Southampton,yes,True,2,1,1,1
431,1,3,female,29.69911764705882,1,0,16.1,S,Third,woman,False,C,Southampton,yes,False,2,2,2,2
432,1,2,female,42.0,1,0,26.0,S,Second,woman,False,C,Southampton,yes,False,4,2,2,2
433,0,3,male,17.0,0,0,7.125,S,Third,man,True,C,Southampton,no,True,1,1,1,1
434,0,1,male,50.0,1,0,55.9,S,First,man,True,E,Southampton,no,False,5,1,2,2
435,1,1,female,14.0,1,2,120.0,S,First,child,False,B,Southampton,yes,False,1,2,4,4
436,0,3,female,21.0,2,2,34.375,S,Third,woman,False,C,Southampton,no,False,2,2,5,5
437,1,2,female,24.0,2,3,18.75,S,Second,woman,False,C,Southampton,yes,False,2,2,6,6
438,0,1,male,64.0,1,4,263.0,S,First,man,True,C,Southampton,no,False,6,1,6,6
439,0,2,male,31.0,0,0,10.5,S,Second,man,True,C,Southampton,no,True,3,1,1,1
440,1,2,female,45.0,1,1,26.25,S,Second,woman,False,C,Southampton,yes,False,4,2,3,3
441,0,3,male,20.0,0,0,9.5,S,Third,man,True,C,Southampton,no,True,2,1,1,1
442,0,3,male,25.0,1,0,7.775,S,Third,man,True,C,Southampton,no,False,2,1,2,2
443,1,2,female,28.0,0,0,13.0,S,Second,woman,False,C,Southampton,yes,True,2,2,1,1
444,1,3,male,29.69911764705882,0,0,8.1125,S,Third,man,True,C,Southampton,yes,True,2,1,1,1
445,1,1,male,4.0,0,2,81.8583,S,First,child,False,A,Southampton,yes,False,0,1,3,3
446,1,2,female,13.0,0,1,19.5,S,Second,child,False,C,Southampton,yes,False,1,2,2,2
447,1,1,male,34.0,0,0,26.55,S,First,man,True,C,Southampton,yes,True,3,1,1,1
448,1,3,female,5.0,2,1,19.2583,C,Third,child,False,C,Cherbourg,yes,False,0,2,4,4
449,1,1,male,52.0,0,0,30.5,S,First,man,True,C,Southampton,yes,True,5,1,1,1
450,0,2,male,36.0,1,2,27.75,S,Second,man,True,C,Southampton,no,False,3,1,4,4
451,0,3,male,29.69911764705882,1,0,19.9667,S,Third,man,True,C,Southampton,no,False,2,1,2,2
452,0,1,male,30.0,0,0,27.75,C,First,man,True,C,Cherbourg,no,True,3,1,1,1
453,1,1,male,49.0,1,0,89.1042,C,First,man,True,C,Cherbourg,yes,False,4,1,2,2
454,0,3,male,29.69911764705882,0,0,8.05,S,Third,man,True,C,Southampton,no,True,2,1,1,1
455,1,3,male,29.0,0,0,7.8958,C,Third,man,True,C,Cherbourg,yes,True,2,1,1,1
456,0,1,male,65.0,0,0,26.55,S,First,man,True,E,Southampton,no,True,6,1,1,1
457,1,1,female,29.69911764705882,1,0,51.8625,S,First,woman,False,D,Southampton,yes,False,2,2,2,2
458,1,2,female,50.0,0,0,10.5,S,Second,woman,False,C,Southampton,yes,True,5,2,1,1
459,0,3,male,29.69911764705882,0,0,7.75,Q,Third,man,True,C,Queenstown,no,True,2,1,1,1
460,1,1,male,48.0,0,0,26.55,S,First,man,True,E,Southampton,yes,True,4,1,1,1
461,0,3,male,34.0,0,0,8.05,S,Third,man,True,C,Southampton,no,True,3,1,1,1
462,0,1,male,47.0,0,0,38.5,S,First,man,True,E,Southampton,no,True,4,1,1,1
463,0,2,male,48.0,0,0,13.0,S,Second,man,True,C,Southampton,no,True,4,1,1,1
464,0,3,male,29.69911764705882,0,0,8.05,S,Third,man,True,C,Southampton,no,True,2,1,1,1
465,0,3,male,38.0,0,0,7.05,S,Third,man,True,C,Southampton,no,True,3,1,1,1
466,0,2,male,29.69911764705882,0,0,0.0,S,Second,man,True,C,Southampton,no,True,2,1,1,1
467,0,1,male,56.0,0,0,26.55,S,First,man,True,C,Southampton,no,True,5,1,1,1
468,0,3,male,29.69911764705882,0,0,7.725,Q,Third,man,True,C,Queenstown,no,True,2,1,1,1
469,1,3,female,0.75,2,1,19.2583,C,Third,child,False,C,Cherbourg,yes,False,0,2,4,4
470,0,3,male,29.69911764705882,0,0,7.25,S,Third,man,True,C,Southampton,no,True,2,1,1,1
471,0,3,male,38.0,0,0,8.6625,S,Third,man,True,C,Southampton,no,True,3,1,1,1
472,1,2,female,33.0,1,2,27.75,S,Second,woman,False,C,Southampton,yes,False,3,2,4,4
473,1,2,female,23.0,0,0,13.7917,C,Second,woman,False,D,Cherbourg,yes,True,2,2,1,1
474,0,3,female,22.0,0,0,9.8375,S,Third,woman,False,C,Southampton,no,True,2,2,1,1
475,0,1,male,29.69911764705882,0,0,52.0,S,First,man,True,A,Southampton,no,True,2,1,1,1
476,0,2,male,34.0,1,0,21.0,S,Second,man,True,C,Southampton,no,False,3,1,2,2
477,0,3,male,29.0,1,0,7.0458,S,Third,man,True,C,Southampton,no,False,2,1,2,2
478,0,3,male,22.0,0,0,7.5208,S,Third,man,True,C,Southampton,no,True,2,1,1,1
479,1,3,female,2.0,0,1,12.2875,S,Third,child,False,C,Southampton,yes,False,0,2,2,2
480,0,3,male,9.0,5,2,46.9,S,Third,child,False,C,Southampton,no,False,0,1,8,8
481,0,2,male,29.69911764705882,0,0,0.0,S,Second,man,True,C,Southampton,no,True,2,1,1,1
482,0,3,male,50.0,0,0,8.05,S,Third,man,True,C,Southampton,no,True,5,1,1,1
483,1,3,female,63.0,0,0,9.5875,S,Third,woman,False,C,Southampton,yes,True,6,2,1,1
484,1,1,male,25.0,1,0,91.0792,C,First,man,True,B,Cherbourg,yes,False,2,1,2,2
485,0,3,female,29.69911764705882,3,1,25.4667,S,Third,woman,False,C,Southampton,no,False,2,2,5,5
486,1,1,female,35.0,1,0,90.0,S,First,woman,False,C,Southampton,yes,False,3,2,2,2
487,0,1,male,58.0,0,0,29.7,C,First,man,True,B,Cherbourg,no,True,5,1,1,1
488,0,3,male,30.0,0,0,8.05,S,Third,man,True,C,Southampton,no,True,3,1,1,1
489,1,3,male,9.0,1,1,15.9,S,Third,child,False,C,Southampton,yes,False,0,1,3,3
490,0,3,male,29.69911764705882,1,0,19.9667,S,Third,man,True,C,Southampton,no,False,2,1,2,2
491,0,3,male,21.0,0,0,7.25,S,Third,man,True,C,Southampton,no,True,2,1,1,1
492,0,1,male,55.0,0,0,30.5,S,First,man,True,C,Southampton,no,True,5,1,1,1
493,0,1,male,71.0,0,0,49.5042,C,First,man,True,C,Cherbourg,no,True,7,1,1,1
494,0,3,male,21.0,0,0,8.05,S,Third,man,True,C,Southampton,no,True,2,1,1,1
495,0,3,male,29.69911764705882,0,0,14.4583,C,Third,man,True,C,Cherbourg,no,True,2,1,1,1
496,1,1,female,54.0,1,0,78.2667,C,First,woman,False,D,Cherbourg,yes,False,5,2,2,2
497,0,3,male,29.69911764705882,0,0,15.1,S,Third,man,True,C,Southampton,no,True,2,1,1,1
498,0,1,female,25.0,1,2,151.55,S,First,woman,False,C,Southampton,no,False,2,2,4,4
499,0,3,male,24.0,0,0,7.7958,S,Third,man,True,C,Southampton,no,True,2,1,1,1
500,0,3,male,17.0,0,0,8.6625,S,Third,man,True,C,Southampton,no,True,1,1,1,1
501,0,3,female,21.0,0,0,7.75,Q,Third,woman,False,C,Queenstown,no,True,2,2,1,1
502,0,3,female,29.69911764705882,0,0,7.6292,Q,Third,woman,False,C,Queenstown,no,True,2,2,1,1
503,0,3,female,37.0,0,0,9.5875,S,Third,woman,False,C,Southampton,no,True,3,2,1,1
504,1,1,female,16.0,0,0,86.5,S,First,woman,False,B,Southampton,yes,True,1,2,1,1
505,0,1,male,18.0,1,0,108.9,C,First,man,True,C,Cherbourg,no,False,1,1,2,2
506,1,2,female,33.0,0,2,26.0,S,Second,woman,False,C,Southampton,yes,False,3,2,3,3
507,1,1,male,29.69911764705882,0,0,26.55,S,First,man,True,C,Southampton,yes,True,2,1,1,1
508,0,3,male,28.0,0,0,22.525,S,Third,man,True,C,Southampton,no,True,2,1,1,1
509,1,3,male,26.0,0,0,56.4958,S,Third,man,True,C,Southampton,yes,True,2,1,1,1
510,1,3,male,29.0,0,0,7.75,Q,Third,man,True,C,Queenstown,yes,True,2,1,1,1
511,0,3,male,29.69911764705882,0,0,8.05,S,Third,man,True,C,Southampton,no,True,2,1,1,1
512,1,1,male,36.0,0,0,26.2875,S,First,man,True,E,Southampton,yes,True,3,1,1,1
513,1,1,female,54.0,1,0,59.4,C,First,woman,False,C,Cherbourg,yes,False,5,2,2,2
514,0,3,male,24.0,0,0,7.4958,S,Third,man,True,C,Southampton,no,True,2,1,1,1
515,0,1,male,47.0,0,0,34.0208,S,First,man,True,D,Southampton,no,True,4,1,1,1
516,1,2,female,34.0,0,0,10.5,S,Second,woman,False,F,Southampton,yes,True,3,2,1,1
517,0,3,male,29.69911764705882,0,0,24.15,Q,Third,man,True,C,Queenstown,no,True,2,1,1,1
518,1,2,female,36.0,1,0,26.0,S,Second,woman,False,C,Southampton,yes,False,3,2,2,2
519,0,3,male,32.0,0,0,7.8958,S,Third,man,True,C,Southampton,no,True,3,1,1,1
520,1,1,female,30.0,0,0,93.5,S,First,woman,False,B,Southampton,yes,True,3,2,1,1
521,0,3,male,22.0,0,0,7.8958,S,Third,man,True,C,Southampton,no,True,2,1,1,1
522,0,3,male,29.69911764705882,0,0,7.225,C,Third,man,True,C,Cherbourg,no,True,2,1,1,1
523,1,1,female,44.0,0,1,57.9792,C,First,woman,False,B,Cherbourg,yes,False,4,2,2,2
524,0,3,male,29.69911764705882,0,0,7.2292,C,Third,man,True,C,Cherbourg,no,True,2,1,1,1
525,0,3,male,40.5,0,0,7.75,Q,Third,man,True,C,Queenstown,no,True,4,1,1,1
526,1,2,female,50.0,0,0,10.5,S,Second,woman,False,C,Southampton,yes,True,5,2,1,1
527,0,1,male,29.69911764705882,0,0,221.7792,S,First,man,True,C,Southampton,no,True,2,1,1,1
528,0,3,male,39.0,0,0,7.925,S,Third,man,True,C,Southampton,no,True,3,1,1,1
529,0,2,male,23.0,2,1,11.5,S,Second,man,True,C,Southampton,no,False,2,1,4,4
530,1,2,female,2.0,1,1,26.0,S,Second,child,False,C,Southampton,yes,False,0,2,3,3
531,0,3,male,29.69911764705882,0,0,7.2292,C,Third,man,True,C,Cherbourg,no,True,2,1,1,1
532,0,3,male,17.0,1,1,7.2292,C,Third,man,True,C,Cherbourg,no,False,1,1,3,3
533,1,3,female,29.69911764705882,0,2,22.3583,C,Third,woman,False,C,Cherbourg,yes,False,2,2,3,3
534,0,3,female,30.0,0,0,8.6625,S,Third,woman,False,C,Southampton,no,True,3,2,1,1
535,1,2,female,7.0,0,2,26.25,S,Second,child,False,C,Southampton,yes,False,0,2,3,3
536,0,1,male,45.0,0,0,26.55,S,First,man,True,B,Southampton,no,True,4,1,1,1
537,1,1,female,30.0,0,0,106.425,C,First,woman,False,C,Cherbourg,yes,True,3,2,1,1
538,0,3,male,29.69911764705882,0,0,14.5,S,Third,man,True,C,Southampton,no,True,2,1,1,1
539,1,1,female,22.0,0,2,49.5,C,First,woman,False,B,Cherbourg,yes,False,2,2,3,3
540,1,1,female,36.0,0,2,71.0,S,First,woman,False,B,Southampton,yes,False,3,2,3,3
541,0,3,female,9.0,4,2,31.275,S,Third,child,False,C,Southampton,no,False,0,2,7,7
542,0,3,female,11.0,4,2,31.275,S,Third,child,False,C,Southampton,no,False,1,2,7,7
543,1,2,male,32.0,1,0,26.0,S,Second,man,True,C,Southampton,yes,False,3,1,2,2
544,0,1,male,50.0,1,0,106.425,C,First,man,True,C,Cherbourg,no,False,5,1,2,2
545,0,1,male,64.0,0,0,26.0,S,First,man,True,C,Southampton,no,True,6,1,1,1
546,1,2,female,19.0,1,0,26.0,S,Second,woman,False,C,Southampton,yes,False,1,2,2,2
547,1,2,male,29.69911764705882,0,0,13.8625,C,Second,man,True,C,Cherbourg,yes,True,2,1,1,1
548,0,3,male,33.0,1,1,20.525,S,Third,man,True,C,Southampton,no,False,3,1,3,3
549,1,2,male,8.0,1,1,36.75,S,Second,child,False,C,Southampton,yes,False,0,1,3,3
550,1,1,male,17.0,0,2,110.8833,C,First,man,True,C,Cherbourg,yes,False,1,1,3,3
551,0,2,male,27.0,0,0,26.0,S,Second,man,True,C,Southampton,no,True,2,1,1,1
552,0,3,male,29.69911764705882,0,0,7.8292,Q,Third,man,True,C,Queenstown,no,True,2,1,1,1
553,1,3,male,22.0,0,0,7.225,C,Third,man,True,C,Cherbourg,yes,True,2,1,1,1
554,1,3,female,22.0,0,0,7.775,S,Third,woman,False,C,Southampton,yes,True,2,2,1,1
555,0,1,male,62.0,0,0,26.55,S,First,man,True,C,Southampton,no,True,6,1,1,1
556,1,1,female,48.0,1,0,39.6,C,First,woman,False,A,Cherbourg,yes,False,4,2,2,2
557,0,1,male,29.69911764705882,0,0,227.525,C,First,man,True,C,Cherbourg,no,True,2,1,1,1
558,1,1,female,39.0,1,1,79.65,S,First,woman,False,E,Southampton,yes,False,3,2,3,3
559,1,3,female,36.0,1,0,17.4,S,Third,woman,False,C,Southampton,yes,False,3,2,2,2
560,0,3,male,29.69911764705882,0,0,7.75,Q,Third,man,True,C,Queenstown,no,True,2,1,1,1
561,0,3,male,40.0,0,0,7.8958,S,Third,man,True,C,Southampton,no,True,4,1,1,1
562,0,2,male,28.0,0,0,13.5,S,Second,man,True,C,Southampton,no,True,2,1,1,1
563,0,3,male,29.69911764705882,0,0,8.05,S,Third,man,True,C,Southampton,no,True,2,1,1,1
564,0,3,female,29.69911764705882,0,0,8.05,S,Third,woman,False,C,Southampton,no,True,2,2,1,1
565,0,3,male,24.0,2,0,24.15,S,Third,man,True,C,Southampton,no,False,2,1,3,3
566,0,3,male,19.0,0,0,7.8958,S,Third,man,True,C,Southampton,no,True,1,1,1,1
567,0,3,female,29.0,0,4,21.075,S,Third,woman,False,C,Southampton,no,False,2,2,5,5
568,0,3,male,29.69911764705882,0,0,7.2292,C,Third,man,True,C,Cherbourg,no,True,2,1,1,1
569,1,3,male,32.0,0,0,7.8542,S,Third,man,True,C,Southampton,yes,True,3,1,1,1
570,1,2,male,62.0,0,0,10.5,S,Second,man,True,C,Southampton,yes,True,6,1,1,1
571,1,1,female,53.0,2,0,51.4792,S,First,woman,False,C,Southampton,yes,False,5,2,3,3
572,1,1,male,36.0,0,0,26.3875,S,First,man,True,E,Southampton,yes,True,3,1,1,1
573,1,3,female,29.69911764705882,0,0,7.75,Q,Third,woman,False,C,Queenstown,yes,True,2,2,1,1
574,0,3,male,16.0,0,0,8.05,S,Third,man,True,C,Southampton,no,True,1,1,1,1
575,0,3,male,19.0,0,0,14.5,S,Third,man,True,C,Southampton,no,True,1,1,1,1
576,1,2,female,34.0,0,0,13.0,S,Second,woman,False,C,Southampton,yes,True,3,2,1,1
577,1,1,female,39.0,1,0,55.9,S,First,woman,False,E,Southampton,yes,False,3,2,2,2
578,0,3,female,29.69911764705882,1,0,14.4583,C,Third,woman,False,C,Cherbourg,no,False,2,2,2,2
579,1,3,male,32.0,0,0,7.925,S,Third,man,True,C,Southampton,yes,True,3,1,1,1
580,1,2,female,25.0,1,1,30.0,S,Second,woman,False,C,Southampton,yes,False,2,2,3,3
581,1,1,female,39.0,1,1,110.8833,C,First,woman,False,C,Cherbourg,yes,False,3,2,3,3
582,0,2,male,54.0,0,0,26.0,S,Second,man,True,C,Southampton,no,True,5,1,1,1
583,0,1,male,36.0,0,0,40.125,C,First,man,True,A,Cherbourg,no,True,3,1,1,1
584,0,3,male,29.69911764705882,0,0,8.7125,C,Third,man,True,C,Cherbourg,no,True,2,1,1,1
585,1,1,female,18.0,0,2,79.65,S,First,woman,False,E,Southampton,yes,False,1,2,3,3
586,0,2,male,47.0,0,0,15.0,S,Second,man,True,C,Southampton,no,True,4,1,1,1
587,1,1,male,60.0,1,1,79.2,C,First,man,True,B,Cherbourg,yes,False,6,1,3,3
588,0,3,male,22.0,0,0,8.05,S,Third,man,True,C,Southampton,no,True,2,1,1,1
589,0,3,male,29.69911764705882,0,0,8.05,S,Third,man,True,C,Southampton,no,True,2,1,1,1
590,0,3,male,35.0,0,0,7.125,S,Third,man,True,C,Southampton,no,True,3,1,1,1
591,1,1,female,52.0,1,0,78.2667,C,First,woman,False,D,Cherbourg,yes,False,5,2,2,2
592,0,3,male,47.0,0,0,7.25,S,Third,man,True,C,Southampton,no,True,4,1,1,1
593,0,3,female,29.69911764705882,0,2,7.75,Q,Third,woman,False,C,Queenstown,no,False,2,2,3,3
594,0,2,male,37.0,1,0,26.0,S,Second,man,True,C,Southampton,no,False,3,1,2,2
595,0,3,male,36.0,1,1,24.15,S,Third,man,True,C,Southampton,no,False,3,1,3,3
596,1,2,female,29.69911764705882,0,0,33.0,S,Second,woman,False,C,Southampton,yes,True,2,2,1,1
597,0,3,male,49.0,0,0,0.0,S,Third,man,True,C,Southampton,no,True,4,1,1,1
598,0,3,male,29.69911764705882,0,0,7.225,C,Third,man,True,C,Cherbourg,no,True,2,1,1,1
599,1,1,male,49.0,1,0,56.9292,C,First,man,True,A,Cherbourg,yes,False,4,1,2,2
600,1,2,female,24.0,2,1,27.0,S,Second,woman,False,C,Southampton,yes,False,2,2,4,4
601,0,3,male,29.69911764705882,0,0,7.8958,S,Third,man,True,C,Southampton,no,True,2,1,1,1
602,0,1,male,29.69911764705882,0,0,42.4,S,First,man,True,C,Southampton,no,True,2,1,1,1
603,0,3,male,44.0,0,0,8.05,S,Third,man,True,C,Southampton,no,True,4,1,1,1
604,1,1,male,35.0,0,0,26.55,C,First,man,True,C,Cherbourg,yes,True,3,1,1,1
605,0,3,male,36.0,1,0,15.55,S,Third,man,True,C,Southampton,no,False,3,1,2,2
606,0,3,male,30.0,0,0,7.8958,S,Third,man,True,C,Southampton,no,True,3,1,1,1
607,1,1,male,27.0,0,0,30.5,S,First,man,True,C,Southampton,yes,True,2,1,1,1
608,1,2,female,22.0,1,2,41.5792,C,Second,woman,False,C,Cherbourg,yes,False,2,2,4,4
609,1,1,female,40.0,0,0,153.4625,S,First,woman,False,C,Southampton,yes,True,4,2,1,1
610,0,3,female,39.0,1,5,31.275,S,Third,woman,False,C,Southampton,no,False,3,2,7,7
611,0,3,male,29.69911764705882,0,0,7.05,S,Third,man,True,C,Southampton,no,True,2,1,1,1
612,1,3,female,29.69911764705882,1,0,15.5,Q,Third,woman,False,C,Queenstown,yes,False,2,2,2,2
613,0,3,male,29.69911764705882,0,0,7.75,Q,Third,man,True,C,Queenstown,no,True,2,1,1,1
614,0,3,male,35.0,0,0,8.05,S,Third,man,True,C,Southampton,no,True,3,1,1,1
615,1,2,female,24.0,1,2,65.0,S,Second,woman,False,C,Southampton,yes,False,2,2,4,4
616,0,3,male,34.0,1,1,14.4,S,Third,man,True,C,Southampton,no,False,3,1,3,3
617,0,3,female,26.0,1,0,16.1,S,Third,woman,False,C,Southampton,no,False,2,2,2,2
618,1,2,female,4.0,2,1,39.0,S,Second,child,False,F,Southampton,yes,False,0,2,4,4
619,0,2,male,26.0,0,0,10.5,S,Second,man,True,C,Southampton,no,True,2,1,1,1
620,0,3,male,27.0,1,0,14.4542,C,Third,man,True,C,Cherbourg,no,False,2,1,2,2
621,1,1,male,42.0,1,0,52.5542,S,First,man,True,D,Southampton,yes,False,4,1,2,2
622,1,3,male,20.0,1,1,15.7417,C,Third,man,True,C,Cherbourg,yes,False,2,1,3,3
623,0,3,male,21.0,0,0,7.8542,S,Third,man,True,C,Southampton,no,True,2,1,1,1
624,0,3,male,21.0,0,0,16.1,S,Third,man,True,C,Southampton,no,True,2,1,1,1
625,0,1,male,61.0,0,0,32.3208,S,First,man,True,D,Southampton,no,True,6,1,1,1
626,0,2,male,57.0,0,0,12.35,Q,Second,man,True,C,Queenstown,no,True,5,1,1,1
627,1,1,female,21.0,0,0,77.9583,S,First,woman,False,D,Southampton,yes,True,2,2,1,1
628,0,3,male,26.0,0,0,7.8958,S,Third,man,True,C,Southampton,no,True,2,1,1,1
629,0,3,male,29.69911764705882,0,0,7.7333,Q,Third,man,True,C,Queenstown,no,True,2,1,1,1
630,1,1,male,80.0,0,0,30.0,S,First,man,True,A,Southampton,yes,True,7,1,1,1
631,0,3,male,51.0,0,0,7.0542,S,Third,man,True,C,Southampton,no,True,5,1,1,1
632,1,1,male,32.0,0,0,30.5,C,First,man,True,B,Cherbourg,yes,True,3,1,1,1
633,0,1,male,29.69911764705882,0,0,0.0,S,First,man,True,C,Southampton,no,True,2,1,1,1
634,0,3,female,9.0,3,2,27.9,S,Third,child,False,C,Southampton,no,False,0,2,6,6
635,1,2,female,28.0,0,0,13.0,S,Second,woman,False,C,Southampton,yes,True,2,2,1,1
636,0,3,male,32.0,0,0,7.925,S,Third,man,True,C,Southampton,no,True,3,1,1,1
637,0,2,male,31.0,1,1,26.25,S,Second,man,True,C,Southampton,no,False,3,1,3,3
638,0,3,female,41.0,0,5,39.6875,S,Third,woman,False,C,Southampton,no,False,4,2,6,6
639,0,3,male,29.69911764705882,1,0,16.1,S,Third,man,True,C,Southampton,no,False,2,1,2,2
640,0,3,male,20.0,0,0,7.8542,S,Third,man,True,C,Southampton,no,True,2,1,1,1
641,1,1,female,24.0,0,0,69.3,C,First,woman,False,B,Cherbourg,yes,True,2,2,1,1
642,0,3,female,2.0,3,2,27.9,S,Third,child,False,C,Southampton,no,False,0,2,6,6
643,1,3,male,29.69911764705882,0,0,56.4958,S,Third,man,True,C,Southampton,yes,True,2,1,1,1
644,1,3,female,0.75,2,1,19.2583,C,Third,child,False,C,Cherbourg,yes,False,0,2,4,4
645,1,1,male,48.0,1,0,76.7292,C,First,man,True,D,Cherbourg,yes,False,4,1,2,2
646,0,3,male,19.0,0,0,7.8958,S,Third,man,True,C,Southampton,no,True,1,1,1,1
647,1,1,male,56.0,0,0,35.5,C,First,man,True,A,Cherbourg,yes,True,5,1,1,1
648,0,3,male,29.69911764705882,0,0,7.55,S,Third,man,True,C,Southampton,no,True,2,1,1,1
649,1,3,female,23.0,0,0,7.55,S,Third,woman,False,C,Southampton,yes,True,2,2,1,1
650,0,3,male,29.69911764705882,0,0,7.8958,S,Third,man,True,C,Southampton,no,True,2,1,1,1
651,1,2,female,18.0,0,1,23.0,S,Second,woman,False,C,Southampton,yes,False,1,2,2,2
652,0,3,male,21.0,0,0,8.4333,S,Third,man,True,C,Southampton,no,True,2,1,1,1
653,1,3,female,29.69911764705882,0,0,7.8292,Q,Third,woman,False,C,Queenstown,yes,True,2,2,1,1
654,0,3,female,18.0,0,0,6.75,Q,Third,woman,False,C,Queenstown,no,True,1,2,1,1
655,0,2,male,24.0,2,0,73.5,S,Second,man,True,C,Southampton,no,False,2,1,3,3
656,0,3,male,29.69911764705882,0,0,7.8958,S,Third,man,True,C,Southampton,no,True,2,1,1,1
657,0,3,female,32.0,1,1,15.5,Q,Third,woman,False,C,Queenstown,no,False,3,2,3,3
658,0,2,male,23.0,0,0,13.0,S,Second,man,True,C,Southampton,no,True,2,1,1,1
659,0,1,male,58.0,0,2,113.275,C,First,man,True,D,Cherbourg,no,False,5,1,3,3
660,1,1,male,50.0,2,0,133.65,S,First,man,True,C,Southampton,yes,False,5,1,3,3
661,0,3,male,40.0,0,0,7.225,C,Third,man,True,C,Cherbourg,no,True,4,1,1,1
662,0,1,male,47.0,0,0,25.5875,S,First,man,True,E,Southampton,no,True,4,1,1,1
663,0,3,male,36.0,0,0,7.4958,S,Third,man,True,C,Southampton,no,True,3,1,1,1
664,1,3,male,20.0,1,0,7.925,S,Third,man,True,C,Southampton,yes,False,2,1,2,2
665,0,2,male,32.0,2,0,73.5,S,Second,man,True,C,Southampton,no,False,3,1,3,3
666,0,2,male,25.0,0,0,13.0,S,Second,man,True,C,Southampton,no,True,2,1,1,1
667,0,3,male,29.69911764705882,0,0,7.775,S,Third,man,True,C,Southampton,no,True,2,1,1,1
668,0,3,male,43.0,0,0,8.05,S,Third,man,True,C,Southampton,no,True,4,1,1,1
669,1,1,female,29.69911764705882,1,0,52.0,S,First,woman,False,C,Southampton,yes,False,2,2,2,2
670,1,2,female,40.0,1,1,39.0,S,Second,woman,False,C,Southampton,yes,False,4,2,3,3
671,0,1,male,31.0,1,0,52.0,S,First,man,True,B,Southampton,no,False,3,1,2,2
672,0,2,male,70.0,0,0,10.5,S,Second,man,True,C,Southampton,no,True,7,1,1,1
673,1,2,male,31.0,0,0,13.0,S,Second,man,True,C,Southampton,yes,True,3,1,1,1
674,0,2,male,29.69911764705882,0,0,0.0,S,Second,man,True,C,Southampton,no,True,2,1,1,1
675,0,3,male,18.0,0,0,7.775,S,Third,man,True,C,Southampton,no,True,1,1,1,1
676,0,3,male,24.5,0,0,8.05,S,Third,man,True,C,Southampton,no,True,2,1,1,1
677,1,3,female,18.0,0,0,9.8417,S,Third,woman,False,C,Southampton,yes,True,1,2,1,1
678,0,3,female,43.0,1,6,46.9,S,Third,woman,False,C,Southampton,no,False,4,2,8,8
679,1,1,male,36.0,0,1,512.3292,C,First,man,True,B,Cherbourg,yes,False,3,1,2,2
680,0,3,female,29.69911764705882,0,0,8.1375,Q,Third,woman,False,C,Queenstown,no,True,2,2,1,1
681,1,1,male,27.0,0,0,76.7292,C,First,man,True,D,Cherbourg,yes,True,2,1,1,1
682,0,3,male,20.0,0,0,9.225,S,Third,man,True,C,Southampton,no,True,2,1,1,1
683,0,3,male,14.0,5,2,46.9,S,Third,child,False,C,Southampton,no,False,1,1,8,8
684,0,2,male,60.0,1,1,39.0,S,Second,man,True,C,Southampton,no,False,6,1,3,3
685,0,2,male,25.0,1,2,41.5792,C,Second,man,True,C,Cherbourg,no,False,2,1,4,4
686,0,3,male,14.0,4,1,39.6875,S,Third,child,False,C,Southampton,no,False,1,1,6,6
687,0,3,male,19.0,0,0,10.1708,S,Third,man,True,C,Southampton,no,True,1,1,1,1
688,0,3,male,18.0,0,0,7.7958,S,Third,man,True,C,Southampton,no,True,1,1,1,1
689,1,1,female,15.0,0,1,211.3375,S,First,child,False,B,Southampton,yes,False,1,2,2,2
690,1,1,male,31.0,1,0,57.0,S,First,man,True,B,Southampton,yes,False,3,1,2,2
691,1,3,female,4.0,0,1,13.4167,C,Third,child,False,C,Cherbourg,yes,False,0,2,2,2
692,1,3,male,29.69911764705882,0,0,56.4958,S,Third,man,True,C,Southampton,yes,True,2,1,1,1
693,0,3,male,25.0,0,0,7.225,C,Third,man,True,C,Cherbourg,no,True,2,1,1,1
694,0,1,male,60.0,0,0,26.55,S,First,man,True,C,Southampton,no,True,6,1,1,1
695,0,2,male,52.0,0,0,13.5,S,Second,man,True,C,Southampton,no,True,5,1,1,1
696,0,3,male,44.0,0,0,8.05,S,Third,man,True,C,Southampton,no,True,4,1,1,1
697,1,3,female,29.69911764705882,0,0,7.7333,Q,Third,woman,False,C,Queenstown,yes,True,2,2,1,1
698,0,1,male,49.0,1,1,110.8833,C,First,man,True,C,Cherbourg,no,False,4,1,3,3
699,0,3,male,42.0,0,0,7.65,S,Third,man,True,F,Southampton,no,True,4,1,1,1
700,1,1,female,18.0,1,0,227.525,C,First,woman,False,C,Cherbourg,yes,False,1,2,2,2
701,1,1,male,35.0,0,0,26.2875,S,First,man,True,E,Southampton,yes,True,3,1,1,1
702,0,3,female,18.0,0,1,14.4542,C,Third,woman,False,C,Cherbourg,no,False,1,2,2,2
703,0,3,male,25.0,0,0,7.7417,Q,Third,man,True,C,Queenstown,no,True,2,1,1,1
704,0,3,male,26.0,1,0,7.8542,S,Third,man,True,C,Southampton,no,False,2,1,2,2
705,0,2,male,39.0,0,0,26.0,S,Second,man,True,C,Southampton,no,True,3,1,1,1
706,1,2,female,45.0,0,0,13.5,S,Second,woman,False,C,Southampton,yes,True,4,2,1,1
707,1,1,male,42.0,0,0,26.2875,S,First,man,True,E,Southampton,yes,True,4,1,1,1
708,1,1,female,22.0,0,0,151.55,S,First,woman,False,C,Southampton,yes,True,2,2,1,1
709,1,3,male,29.69911764705882,1,1,15.2458,C,Third,man,True,C,Cherbourg,yes,False,2,1,3,3
710,1,1,female,24.0,0,0,49.5042,C,First,woman,False,C,Cherbourg,yes,True,2,2,1,1
711,0,1,male,29.69911764705882,0,0,26.55,S,First,man,True,C,Southampton,no,True,2,1,1,1
712,1,1,male,48.0,1,0,52.0,S,First,man,True,C,Southampton,yes,False,4,1,2,2
713,0,3,male,29.0,0,0,9.4833,S,Third,man,True,C,Southampton,no,True,2,1,1,1
714,0,2,male,52.0,0,0,13.0,S,Second,man,True,C,Southampton,no,True,5,1,1,1
715,0,3,male,19.0,0,0,7.65,S,Third,man,True,F,Southampton,no,True,1,1,1,1
716,1,1,female,38.0,0,0,227.525,C,First,woman,False,C,Cherbourg,yes,True,3,2,1,1
717,1,2,female,27.0,0,0,10.5,S,Second,woman,False,E,Southampton,yes,True,2,2,1,1
718,0,3,male,29.69911764705882,0,0,15.5,Q,Third,man,True,C,Queenstown,no,True,2,1,1,1
719,0,3,male,33.0,0,0,7.775,S,Third,man,True,C,Southampton,no,True,3,1,1,1
720,1,2,female,6.0,0,1,33.0,S,Second,child,False,C,Southampton,yes,False,0,2,2,2
721,0,3,male,17.0,1,0,7.0542,S,Third,man,True,C,Southampton,no,False,1,1,2,2
722,0,2,male,34.0,0,0,13.0,S,Second,man,True,C,Southampton,no,True,3,1,1,1
723,0,2,male,50.0,0,0,13.0,S,Second,man,True,C,Southampton,no,True,5,1,1,1
724,1,1,male,27.0,1,0,53.1,S,First,man,True,E,Southampton,yes,False,2,1,2,2
725,0,3,male,20.0,0,0,8.6625,S,Third,man,True,C,Southampton,no,True,2,1,1,1
726,1,2,female,30.0,3,0,21.0,S,Second,woman,False,C,Southampton,yes,False,3,2,4,4
727,1,3,female,29.69911764705882,0,0,7.7375,Q,Third,woman,False,C,Queenstown,yes,True,2,2,1,1
728,0,2,male,25.0,1,0,26.0,S,Second,man,True,C,Southampton,no,False,2,1,2,2
729,0,3,female,25.0,1,0,7.925,S,Third,woman,False,C,Southampton,no,False,2,2,2,2
730,1,1,female,29.0,0,0,211.3375,S,First,woman,False,B,Southampton,yes,True,2,2,1,1
731,0,3,male,11.0,0,0,18.7875,C,Third,child,False,C,Cherbourg,no,True,1,1,1,1
732,0,2,male,29.69911764705882,0,0,0.0,S,Second,man,True,C,Southampton,no,True,2,1,1,1
733,0,2,male,23.0,0,0,13.0,S,Second,man,True,C,Southampton,no,True,2,1,1,1
734,0,2,male,23.0,0,0,13.0,S,Second,man,True,C,Southampton,no,True,2,1,1,1
735,0,3,male,28.5,0,0,16.1,S,Third,man,True,C,Southampton,no,True,2,1,1,1
736,0,3,female,48.0,1,3,34.375,S,Third,woman,False,C,Southampton,no,False,4,2,5,5
737,1,1,male,35.0,0,0,512.3292,C,First,man,True,B,Cherbourg,yes,True,3,1,1,1
738,0,3,male,29.69911764705882,0,0,7.8958,S,Third,man,True,C,Southampton,no,True,2,1,1,1
739,0,3,male,29.69911764705882,0,0,7.8958,S,Third,man,True,C,Southampton,no,True,2,1,1,1
740,1,1,male,29.69911764705882,0,0,30.0,S,First,man,True,D,Southampton,yes,True,2,1,1,1
741,0,1,male,36.0,1,0,78.85,S,First,man,True,C,Southampton,no,False,3,1,2,2
742,1,1,female,21.0,2,2,262.375,C,First,woman,False,B,Cherbourg,yes,False,2,2,5,5
743,0,3,male,24.0,1,0,16.1,S,Third,man,True,C,Southampton,no,False,2,1,2,2
744,1,3,male,31.0,0,0,7.925,S,Third,man,True,C,Southampton,yes,True,3,1,1,1
745,0,1,male,70.0,1,1,71.0,S,First,man,True,B,Southampton,no,False,7,1,3,3
746,0,3,male,16.0,1,1,20.25,S,Third,man,True,C,Southampton,no,False,1,1,3,3
747,1,2,female,30.0,0,0,13.0,S,Second,woman,False,C,Southampton,yes,True,3,2,1,1
748,0,1,male,19.0,1,0,53.1,S,First,man,True,D,Southampton,no,False,1,1,2,2
749,0,3,male,31.0,0,0,7.75,Q,Third,man,True,C,Queenstown,no,True,3,1,1,1
750,1,2,female,4.0,1,1,23.0,S,Second,child,False,C,Southampton,yes,False,0,2,3,3
751,1,3,male,6.0,0,1,12.475,S,Third,child,False,E,Southampton,yes,False,0,1,2,2
752,0,3,male,33.0,0,0,9.5,S,Third,man,True,C,Southampton,no,True,3,1,1,1
753,0,3,male,23.0,0,0,7.8958,S,Third,man,True,C,Southampton,no,True,2,1,1,1
754,1,2,female,48.0,1,2,65.0,S,Second,woman,False,C,Southampton,yes,False,4,2,4,4
755,1,2,male,0.67,1,1,14.5,S,Second,child,False,C,Southampton,yes,False,0,1,3,3
756,0,3,male,28.0,0,0,7.7958,S,Third,man,True,C,Southampton,no,True,2,1,1,1
757,0,2,male,18.0,0,0,11.5,S,Second,man,True,C,Southampton,no,True,1,1,1,1
758,0,3,male,34.0,0,0,8.05,S,Third,man,True,C,Southampton,no,True,3,1,1,1
759,1,1,female,33.0,0,0,86.5,S,First,woman,False,B,Southampton,yes,True,3,2,1,1
760,0,3,male,29.69911764705882,0,0,14.5,S,Third,man,True,C,Southampton,no,True,2,1,1,1
761,0,3,male,41.0,0,0,7.125,S,Third,man,True,C,Southampton,no,True,4,1,1,1
762,1,3,male,20.0,0,0,7.2292,C,Third,man,True,C,Cherbourg,yes,True,2,1,1,1
763,1,1,female,36.0,1,2,120.0,S,First,woman,False,B,Southampton,yes,False,3,2,4,4
764,0,3,male,16.0,0,0,7.775,S,Third,man,True,C,Southampton,no,True,1,1,1,1
765,1,1,female,51.0,1,0,77.9583,S,First,woman,False,D,Southampton,yes,False,5,2,2,2
766,0,1,male,29.69911764705882,0,0,39.6,C,First,man,True,C,Cherbourg,no,True,2,1,1,1
767,0,3,female,30.5,0,0,7.75,Q,Third,woman,False,C,Queenstown,no,True,3,2,1,1
768,0,3,male,29.69911764705882,1,0,24.15,Q,Third,man,True,C,Queenstown,no,False,2,1,2,2
769,0,3,male,32.0,0,0,8.3625,S,Third,man,True,C,Southampton,no,True,3,1,1,1
770,0,3,male,24.0,0,0,9.5,S,Third,man,True,C,Southampton,no,True,2,1,1,1
771,0,3,male,48.0,0,0,7.8542,S,Third,man,True,C,Southampton,no,True,4,1,1,1
772,0,2,female,57.0,0,0,10.5,S,Second,woman,False,E,Southampton,no,True,5,2,1,1
773,0,3,male,29.69911764705882,0,0,7.225,C,Third,man,True,C,Cherbourg,no,True,2,1,1,1
774,1,2,female,54.0,1,3,23.0,S,Second,woman,False,C,Southampton,yes,False,5,2,5,5
775,0,3,male,18.0,0,0,7.75,S,Third,man,True,C,Southampton,no,True,1,1,1,1
776,0,3,male,29.69911764705882,0,0,7.75,Q,Third,man,True,F,Queenstown,no,True,2,1,1,1
777,1,3,female,5.0,0,0,12.475,S,Third,child,False,C,Southampton,yes,True,0,2,1,1
778,0,3,male,29.69911764705882,0,0,7.7375,Q,Third,man,True,C,Queenstown,no,True,2,1,1,1
779,1,1,female,43.0,0,1,211.3375,S,First,woman,False,B,Southampton,yes,False,4,2,2,2
780,1,3,female,13.0,0,0,7.2292,C,Third,child,False,C,Cherbourg,yes,True,1,2,1,1
781,1,1,female,17.0,1,0,57.0,S,First,woman,False,B,Southampton,yes,False,1,2,2,2
782,0,1,male,29.0,0,0,30.0,S,First,man,True,D,Southampton,no,True,2,1,1,1
783,0,3,male,29.69911764705882,1,2,23.45,S,Third,man,True,C,Southampton,no,False,2,1,4,4
784,0,3,male,25.0,0,0,7.05,S,Third,man,True,C,Southampton,no,True,2,1,1,1
785,0,3,male,25.0,0,0,7.25,S,Third,man,True,C,Southampton,no,True,2,1,1,1
786,1,3,female,18.0,0,0,7.4958,S,Third,woman,False,C,Southampton,yes,True,1,2,1,1
787,0,3,male,8.0,4,1,29.125,Q,Third,child,False,C,Queenstown,no,False,0,1,6,6
788,1,3,male,1.0,1,2,20.575,S,Third,child,False,C,Southampton,yes,False,0,1,4,4
789,0,1,male,46.0,0,0,79.2,C,First,man,True,B,Cherbourg,no,True,4,1,1,1
790,0,3,male,29.69911764705882,0,0,7.75,Q,Third,man,True,C,Queenstown,no,True,2,1,1,1
791,0,2,male,16.0,0,0,26.0,S,Second,man,True,C,Southampton,no,True,1,1,1,1
792,0,3,female,29.69911764705882,8,2,69.55,S,Third,woman,False,C,Southampton,no,False,2,2,11,11
793,0,1,male,29.69911764705882,0,0,30.6958,C,First,man,True,C,Cherbourg,no,True,2,1,1,1
794,0,3,male,25.0,0,0,7.8958,S,Third,man,True,C,Southampton,no,True,2,1,1,1
795,0,2,male,39.0,0,0,13.0,S,Second,man,True,C,Southampton,no,True,3,1,1,1
796,1,1,female,49.0,0,0,25.9292,S,First,woman,False,D,Southampton,yes,True,4,2,1,1
797,1,3,female,31.0,0,0,8.6833,S,Third,woman,False,C,Southampton,yes,True,3,2,1,1
798,0,3,male,30.0,0,0,7.2292,C,Third,man,True,C,Cherbourg,no,True,3,1,1,1
799,0,3,female,30.0,1,1,24.15,S,Third,woman,False,C,Southampton,no,False,3,2,3,3
800,0,2,male,34.0,0,0,13.0,S,Second,man,True,C,Southampton,no,True,3,1,1,1
801,1,2,female,31.0,1,1,26.25,S,Second,woman,False,C,Southampton,yes,False,3,2,3,3
802,1,1,male,11.0,1,2,120.0,S,First,child,False,B,Southampton,yes,False,1,1,4,4
803,1,3,male,0.42,0,1,8.5167,C,Third,child,False,C,Cherbourg,yes,False,0,1,2,2
804,1,3,male,27.0,0,0,6.975,S,Third,man,True,C,Southampton,yes,True,2,1,1,1
805,0,3,male,31.0,0,0,7.775,S,Third,man,True,C,Southampton,no,True,3,1,1,1
806,0,1,male,39.0,0,0,0.0,S,First,man,True,A,Southampton,no,True,3,1,1,1
807,0,3,female,18.0,0,0,7.775,S,Third,woman,False,C,Southampton,no,True,1,2,1,1
808,0,2,male,39.0,0,0,13.0,S,Second,man,True,C,Southampton,no,True,3,1,1,1
809,1,1,female,33.0,1,0,53.1,S,First,woman,False,E,Southampton,yes,False,3,2,2,2
810,0,3,male,26.0,0,0,7.8875,S,Third,man,True,C,Southampton,no,True,2,1,1,1
811,0,3,male,39.0,0,0,24.15,S,Third,man,True,C,Southampton,no,True,3,1,1,1
812,0,2,male,35.0,0,0,10.5,S,Second,man,True,C,Southampton,no,True,3,1,1,1
813,0,3,female,6.0,4,2,31.275,S,Third,child,False,C,Southampton,no,False,0,2,7,7
814,0,3,male,30.5,0,0,8.05,S,Third,man,True,C,Southampton,no,True,3,1,1,1
815,0,1,male,29.69911764705882,0,0,0.0,S,First,man,True,B,Southampton,no,True,2,1,1,1
816,0,3,female,23.0,0,0,7.925,S,Third,woman,False,C,Southampton,no,True,2,2,1,1
817,0,2,male,31.0,1,1,37.0042,C,Second,man,True,C,Cherbourg,no,False,3,1,3,3
818,0,3,male,43.0,0,0,6.45,S,Third,man,True,C,Southampton,no,True,4,1,1,1
819,0,3,male,10.0,3,2,27.9,S,Third,child,False,C,Southampton,no,False,1,1,6,6
820,1,1,female,52.0,1,1,93.5,S,First,woman,False,B,Southampton,yes,False,5,2,3,3
821,1,3,male,27.0,0,0,8.6625,S,Third,man,True,C,Southampton,yes,True,2,1,1,1
822,0,1,male,38.0,0,0,0.0,S,First,man,True,C,Southampton,no,True,3,1,1,1
823,1,3,female,27.0,0,1,12.475,S,Third,woman,False,E,Southampton,yes,False,2,2,2,2
824,0,3,male,2.0,4,1,39.6875,S,Third,child,False,C,Southampton,no,False,0,1,6,6
825,0,3,male,29.69911764705882,0,0,6.95,Q,Third,man,True,C,Queenstown,no,True,2,1,1,1
826,0,3,male,29.69911764705882,0,0,56.4958,S,Third,man,True,C,Southampton,no,True,2,1,1,1
827,1,2,male,1.0,0,2,37.0042,C,Second,child,False,C,Cherbourg,yes,False,0,1,3,3
828,1,3,male,29.69911764705882,0,0,7.75,Q,Third,man,True,C,Queenstown,yes,True,2,1,1,1
829,1,1,female,62.0,0,0,80.0,s,First,woman,False,B,Southampton,yes,True,6,2,1,1
830,1,3,female,15.0,1,0,14.4542,C,Third,child,False,C,Cherbourg,yes,False,1,2,2,2
831,1,2,male,0.83,1,1,18.75,S,Second,child,False,C,Southampton,yes,False,0,1,3,3
832,0,3,male,29.69911764705882,0,0,7.2292,C,Third,man,True,C,Cherbourg,no,True,2,1,1,1
833,0,3,male,23.0,0,0,7.8542,S,Third,man,True,C,Southampton,no,True,2,1,1,1
834,0,3,male,18.0,0,0,8.3,S,Third,man,True,C,Southampton,no,True,1,1,1,1
835,1,1,female,39.0,1,1,83.1583,C,First,woman,False,E,Cherbourg,yes,False,3,2,3,3
836,0,3,male,21.0,0,0,8.6625,S,Third,man,True,C,Southampton,no,True,2,1,1,1
837,0,3,male,29.69911764705882,0,0,8.05,S,Third,man,True,C,Southampton,no,True,2,1,1,1
838,1,3,male,32.0,0,0,56.4958,S,Third,man,True,C,Southampton,yes,True,3,1,1,1
839,1,1,male,29.69911764705882,0,0,29.7,C,First,man,True,C,Cherbourg,yes,True,2,1,1,1
840,0,3,male,20.0,0,0,7.925,S,Third,man,True,C,Southampton,no,True,2,1,1,1
841,0,2,male,16.0,0,0,10.5,S,Second,man,True,C,Southampton,no,True,1,1,1,1
842,1,1,female,30.0,0,0,31.0,C,First,woman,False,C,Cherbourg,yes,True,3,2,1,1
843,0,3,male,34.5,0,0,6.4375,C,Third,man,True,C,Cherbourg,no,True,3,1,1,1
844,0,3,male,17.0,0,0,8.6625,S,Third,man,True,C,Southampton,no,True,1,1,1,1
845,0,3,male,42.0,0,0,7.55,S,Third,man,True,C,Southampton,no,True,4,1,1,1
846,0,3,male,29.69911764705882,8,2,69.55,S,Third,man,True,C,Southampton,no,False,2,1,11,11
847,0,3,male,35.0,0,0,7.8958,C,Third,man,True,C,Cherbourg,no,True,3,1,1,1
848,0,2,male,28.0,0,1,33.0,S,Second,man,True,C,Southampton,no,False,2,1,2,2
849,1,1,female,29.69911764705882,1,0,89.1042,C,First,woman,False,C,Cherbourg,yes,False,2,2,2,2
850,0,3,male,4.0,4,2,31.275,S,Third,child,False,C,Southampton,no,False,0,1,7,7
851,0,3,male,74.0,0,0,7.775,S,Third,man,True,C,Southampton,no,True,7,1,1,1
852,0,3,female,9.0,1,1,15.2458,C,Third,child,False,C,Cherbourg,no,False,0,2,3,3
853,1,1,female,16.0,0,1,39.4,S,First,woman,False,D,Southampton,yes,False,1,2,2,2
854,0,2,female,44.0,1,0,26.0,S,Second,woman,False,C,Southampton,no,False,4,2,2,2
855,1,3,female,18.0,0,1,9.35,S,Third,woman,False,C,Southampton,yes,False,1,2,2,2
856,1,1,female,45.0,1,1,164.8667,S,First,woman,False,C,Southampton,yes,False,4,2,3,3
857,1,1,male,51.0,0,0,26.55,S,First,man,True,E,Southampton,yes,True,5,1,1,1
858,1,3,female,24.0,0,3,19.2583,C,Third,woman,False,C,Cherbourg,yes,False,2,2,4,4
859,0,3,male,29.69911764705882,0,0,7.2292,C,Third,man,True,C,Cherbourg,no,True,2,1,1,1
860,0,3,male,41.0,2,0,14.1083,S,Third,man,True,C,Southampton,no,False,4,1,3,3
861,0,2,male,21.0,1,0,11.5,S,Second,man,True,C,Southampton,no,False,2,1,2,2
862,1,1,female,48.0,0,0,25.9292,S,First,woman,False,D,Southampton,yes,True,4,2,1,1
863,0,3,female,29.69911764705882,8,2,69.55,S,Third,woman,False,C,Southampton,no,False,2,2,11,11
864,0,2,male,24.0,0,0,13.0,S,Second,man,True,C,Southampton,no,True,2,1,1,1
865,1,2,female,42.0,0,0,13.0,S,Second,woman,False,C,Southampton,yes,True,4,2,1,1
866,1,2,female,27.0,1,0,13.8583,C,Second,woman,False,C,Cherbourg,yes,False,2,2,2,2
867,0,1,male,31.0,0,0,50.4958,S,First,man,True,A,Southampton,no,True,3,1,1,1
868,0,3,male,29.69911764705882,0,0,9.5,S,Third,man,True,C,Southampton,no,True,2,1,1,1
869,1,3,male,4.0,1,1,11.1333,S,Third,child,False,C,Southampton,yes,False,0,1,3,3
870,0,3,male,26.0,0,0,7.8958,S,Third,man,True,C,Southampton,no,True,2,1,1,1
871,1,1,female,47.0,1,1,52.5542,S,First,woman,False,D,Southampton,yes,False,4,2,3,3
872,0,1,male,33.0,0,0,5.0,S,First,man,True,B,Southampton,no,True,3,1,1,1
873,0,3,male,47.0,0,0,9.0,S,Third,man,True,C,Southampton,no,True,4,1,1,1
874,1,2,female,28.0,1,0,24.0,C,Second,woman,False,C,Cherbourg,yes,False,2,2,2,2
875,1,3,female,15.0,0,0,7.225,C,Third,child,False,C,Cherbourg,yes,True,1,2,1,1
876,0,3,male,20.0,0,0,9.8458,S,Third,man,True,C,Southampton,no,True,2,1,1,1
877,0,3,male,19.0,0,0,7.8958,S,Third,man,True,C,Southampton,no,True,1,1,1,1
878,0,3,male,29.69911764705882,0,0,7.8958,S,Third,man,True,C,Southampton,no,True,2,1,1,1
879,1,1,female,56.0,0,1,83.1583,C,First,woman,False,C,Cherbourg,yes,False,5,2,2,2
880,1,2,female,25.0,0,1,26.0,S,Second,woman,False,C,Southampton,yes,False,2,2,2,2
881,0,3,male,33.0,0,0,7.8958,S,Third,man,True,C,Southampton,no,True,3,1,1,1
882,0,3,female,22.0,0,0,10.5167,S,Third,woman,False,C,Southampton,no,True,2,2,1,1
883,0,2,male,28.0,0,0,10.5,S,Second,man,True,C,Southampton,no,True,2,1,1,1
884,0,3,male,25.0,0,0,7.05,S,Third,man,True,C,Southampton,no,True,2,1,1,1
885,0,3,female,39.0,0,5,29.125,Q,Third,woman,False,C,Queenstown,no,False,3,2,6,6
886,0,2,male,27.0,0,0,13.0,S,Second,man,True,C,Southampton,no,True,2,1,1,1
887,1,1,female,19.0,0,0,30.0,S,First,woman,False,B,Southampton,yes,True,1,2,1,1
888,0,3,female,29.69911764705882,1,2,23.45,S,Third,woman,False,C,Southampton,no,False,2,2,4,4
889,1,1,male,26.0,0,0,30.0,C,First,man,True,C,Cherbourg,yes,True,2,1,1,1
890,0,3,male,32.0,0,0,7.75,Q,Third,man,True,C,Queenstown,no,True,3,1,1,1
